アイーン	(＿´Д｀) ｱｲｰﾝ	3		260	-20.0
アゲ	(´∀｀∩)↑age↑	3		260	-20.0
アセ	(・_・;)	3		260	-20.0
アセ	(･∀･；)	3		260	-20.0
アセ	(＾ω＾;;)	3		260	-20.0
アセ	(ﾟ∀ﾟ ；)ﾀﾗｰ	3		260	-20.0
アタフタ	ヽ(´･ω･｀ヽ)​	3		260	-20.0
アチャー	(ﾉ∀`)ｱﾁｬｰ	3		260	-20.0
アチャー	( ´ﾟдﾟ｀)ｱﾁｬｰ	3		260	-20.0
アチャー	(ノ∀`)ノ∀`)ノ∀`)ｼﾞｪﾄｽﾄﾘｰﾑｱﾁｬｰ	3		260	-20.0
アツイ	(｡＞﹏＜)あㄘ”ゅい	3		260	-20.0
アツイ	ι(´Д｀υ)ｱｼﾞｨｰ	3		260	-20.0
アツイ	あㄘ”ゅい(>﹏<｡Ξ｡>﹏<)あㄘ”ゅい	3		260	-20.0
アハハ	( ﾟ∀ﾟ)ｱﾊﾊ八八ﾉヽﾉヽﾉヽﾉ ＼ / ＼/ ＼	3		260	-20.0
アヒャ	ｱﾋｬﾋｬﾋｬ(ﾟ∀ﾟ≡ﾟ∀ﾟ)ﾋｬﾋｬﾋｬ	3		260	-20.0
アボーン	αβοοη..._φ(ﾟ∀ﾟ )ｱﾋｬ	3		260	-20.0
アメ	⋰⋰ ☂ (ृ ˘ ꒳ ˘  ृ 　)ु  ⋱⋱	3		260	-20.0
アラマァ	(´・∀・｀ )ｱﾗﾏｧ	3		260	-20.0
アリガトウ	(´▽｀)ｱﾘｶﾞﾄ!	3		260	-20.0
アリガトウ	あ(・∀・)り(・∀・)が(・∀・)と(・∀・)う！	3		260	-20.0
アリガトウ	(*ゝω・)ﾉ ｱﾘｶﾞ㌧♪	3		260	-20.0
アリガトウ	ｱﾘｶﾞﾄｰ！！（๑´ڡ`๑）	3		260	-20.0
イイネ	(・∀・)ｲｲﾈ!!	3		260	-20.0
イエイエ	ヾﾉ≧∀≦)ｲｴｲｴ♪	3		260	-20.0
イエーイ	☆-(ノﾟДﾟ)八(ﾟДﾟ　)ノｲｴｰｲ	3		260	-20.0
イエーイ	ｲｪ━━━━━ヽ( ﾟДﾟ)人(ﾟДﾟ )ﾉ━━━━━━ｲ!!	3		260	-20.0
イエーイ	v(￣Д￣)v ｲｴｲ	3		260	-20.0
イエーイ	v(｡･ω･｡)ｨｪｨ♪	3		260	-20.0
イエーイ	いぇ〜い✌(╹◡╹)✌	3		260	-20.0
イカ	ᔦꙬᔨ	3		260	-20.0
イカス	Σd(ﾟ∀ﾟd)ｲｶｽ!	3		260	-20.0
イギアリ	( ﾟДﾟ)_σ異議あり!!	3		260	-20.0
イソゲ	ヽ(￣д￣;)ノ=3=3=3	3		260	-20.0
イツ	(๑•﹏•)いつやるか？　 ლ(ಠ_ಠ ლ）今でしょ！	3		260	-20.0
イナイイナイ	(∩﹏∩) いないいない	3		260	-20.0
イマオキタ	(;´ρ`)ｲﾏｵｷﾀﾖ	3		260	-20.0
ウェーイ	( 0w0)ﾉ ｳｪｰｲ	3		260	-20.0
ウエーン	･ﾟ･(ﾉд<)･ﾟ･ ｳｪ―ﾝ	3		260	-20.0
ウオオ	(´つヮ⊂)ｳｵｫｫw	3		260	-20.0
ウオオ	＼( 'ω')／ウオオオオオアアアーーーーッ！！！	3		260	-20.0
ウソデス	＊ ﾟ･*:.｡.:*･゜＋ d(*´∀｀)b うそです ＋.:*･゜ﾟ･*:. ＊	3		260	-20.0
ウッ	(´；ω；｀)ｳｯ…	3		260	-20.0
ウッウー	( ﾟдﾟ)ｳｯｳｰ	3		260	-20.0
ウッウー	ζ*'ヮ')ζうっうー	3		260	-20.0
ウッヒョォア	 (っ'ヮ'c)	3		260	-20.0
ウッヒョォア	 (っ'ヮ'c)ｳｩｯﾋｮｵｱｱｧ	3		260	-20.0
ウッヒョォア	＿|￣| Σ･∴=≡(っ'ヮ'c)ｳｩｯﾋｮｵｱｱｧ	3		260	-20.0
ウニュー	ｳﾆｭｰｰｰ::(;ﾞﾟ'ωﾟ')::ｰｰｰｰｰｰ!!!!	3		260	-20.0
ウネウネ	ヾ(ﾟω｡ヽ≡ﾉﾟω｡)ﾉﾞ	3		260	-20.0
ウルセエ	⊂( ･∀･) 彡　=͟͟͞͞(●)`Д´) 	3		260	-20.0
ウレシイ	╰(*´︶`*)╯	3		260	-20.0
ウワアアア	▂▅▇█▓▒░(’ω’)░▒▓█▇▅▂	3		260	-20.0
ウワーン	ε二二二ε二二二(｡ﾟつД`)ﾟ｡ｳﾜｧｧ-----ﾝ!!!!	3		260	-20.0
ウワーン	ｳﾜｧｧ-----。゜(＞д＜)゜。-----ﾝ!!!!	3		260	-20.0
ウンウン	(ﾟдﾟ)(｡_｡)(ﾟдﾟ)(｡_｡) ｳﾝｳﾝ	3		260	-20.0
ウ゛ァー	('A`)ｳﾞｧｰ	3		260	-20.0
ウー	(」・ω・)」うー！	3		260	-20.0
ウーニャー	(」・ω・)」うー！(／・ω・)／にゃー！	3		260	-20.0
ウーム	(´ﾍ｀；)ｳｰﾑ…	3		260	-20.0
ウーン	(´ε｀；)ｳｰﾝ…	3		260	-20.0
ウーン	(╯•﹏•╰)	3		260	-20.0
エウンエウン	┗(↑o↑)┛ｴｳﾝｴｳｳｳｳﾝ	3		260	-20.0
エエエエ	工エエェェ(´ﾟдﾟ｀)ェェエエ工	3		260	-20.0
エッ	ﾟ(∀) ﾟ ｴｯ?	3		260	-20.0
エッ	(´･ω｀･)ｴｯ?	3		260	-20.0
エッ	(゜д゜)	3		260	-20.0
エッ	Σ(゜Д゜;)	3		260	-20.0
エッ	Σ(゜Д゜ノ)ノ	3		260	-20.0
エッヘン	(｀・∀・´)ｴｯﾍﾝ!!	3		260	-20.0
エヘヘ	(∀｀*ゞ)ｴﾍﾍ	3		260	-20.0
エヘヘ	(*´σｰ｀)ｴﾍﾍ	3		260	-20.0
エヘヘ	ヽ(°▽、°)ﾉｴﾍﾍﾍﾍ	3		260	-20.0
エヘヘ	(๑'ᴗ'๑)	3		260	-20.0
エヘヘ	(p*･ω･)p	3		260	-20.0
エヘヘ	o(･ω･｡)	3		260	-20.0
エヘヘ	(〃l _ l)	3		260	-20.0
エー	( ´ﾟдﾟ｀)ｴｰ	3		260	-20.0
エー	Σ(ﾟДﾟ；ｴｰｯ!	3		260	-20.0
エー	工ｴｴｪｪ(´д｀)ｪｪｴｴ工	3		260	-20.0
エー	工工工ｴｴｴｴｴｴｪｪｪｪｪｪ(ﾟДﾟ)ｪｪｪｪｪｪｴｴｴｴｴｴ工工工	3		260	-20.0
エー	（・３・）エェー!?	3		260	-20.0
エー	ｴｪ━━━━━( ﾟÅﾟ；)━━━━━!!?	3		260	-20.0
エーン	(つд⊂)ｴｰﾝ	3		260	-20.0
オカエリ	ｵｶ(　ﾟдﾟ)ｴﾘ	3		260	-20.0
オカエリ	ｵｶヽ(´∀｀ )ﾉｴﾘｰ!!	3		260	-20.0
オカエリ	ε＝ヾ( ・∀・)ﾉ　　　ｵｶｴﾘｰ! ヽ(・∀・ )ﾉ	3		260	-20.0
オコ	(。◟‸◞。✿)おこだよ！	3		260	-20.0
オコ	٩(๑`^´๑)۶ 激おこぷんぷん丸	3		260	-20.0
オコ	(｡ì _ í｡)	3		260	-20.0
オコ	٩(๑òωó๑)۶	3		260	-20.0
オセンベイ	ヾ(〄⌒ー⌒〄)ノ	3		260	-20.0
オチャ	(　ﾟДﾟ)⊃旦 ﾁｬﾉﾒﾔ	3		260	-20.0
オチャ	(・∀・)つ目　ｵﾁｬﾉﾒ!	3		260	-20.0
オッ	（ ＾ω＾）おっ	3		260	-20.0
オッ	（＾ω＾ ≡ ＾ω＾）おっおっおっ	3		260	-20.0
オッ	(＾ω＾三＾ω＾)	3		260	-20.0
オッオッ	(＾ω＾≡＾ω＾)おっおっ	3		260	-20.0
オッケー	( ｀д´)b ｵｯｹｰ!	3		260	-20.0
オッケー	ｵｯｹｰ☆⌒d(´∀｀)ノ	3		260	-20.0
オッケー	ｵｯｹ━━━━━━ (ゝ○_○) ━━━━━━ｲ!!!!	3		260	-20.0
オツ	( ﾟω^　)ゝ 乙であります！	3		260	-20.0
オハヨウ	(^o^)ﾉ ＜ おはよー	3		260	-20.0
オハヨウ	( ノﾟДﾟ)おはよう	3		260	-20.0
オハヨウ	(*´ー｀)ﾉ	3		260	-20.0
オフトン	(･ω･*[＿＿＿]	3		260	-20.0
オフトン	(:3[___]	3		260	-20.0
オフトン	(:3[＿＿＿]	3		260	-20.0
オフトン	(:3っ)っ ｰ=三 [＿＿＿]	3		260	-20.0
オフトン	('､3[____]	3		260	-20.0
オフトン	(¦3[＿＿＿]	3		260	-20.0
オフトン	(¦3ꇤ[▓▓]	3		260	-20.0
オフトン	=͟͟͞͞ (¦3[▓▓]	3		260	-20.0
オフトン	⊂⌒っ´ｰωｰ)っ.。o○	3		260	-20.0
オフトン	c(-ω-*c[＿＿＿]	3		260	-20.0
オフトン	c(･ω･*c[＿＿＿]	3		260	-20.0
オフトン	c('ω'*c[＿＿＿]	3		260	-20.0
オフトン	c(╹ω╹*c[＿＿＿]	3		260	-20.0
オフトンイン	ｼｭｯ =͟͟͞͞ (¦3[▓▓]	3		260	-20.0
オメデトウ	ｵﾒﾃﾞﾀ━━━━( ∀ )ﾟﾟ━━━━!!	3		260	-20.0
オメデトウ	お(・∀・)め(・∀・)で(・∀・)と(・∀・)う！	3		260	-20.0
オモウ	(▰˘◡˘▰)	3		260	-20.0
オヤスミ	(つ∀-)ｵﾔｽﾐｰ	3		260	-20.0
オヤスミ	(^o^)ﾉ ＜ おやすみー	3		260	-20.0
オルデ	∩(・＿・)∩	3		260	-20.0
オワタ	(・ー・) ｵﾜｯﾀﾅ	3		260	-20.0
オワタ	＼(^o^)／	3		260	-20.0
オワタ	＼(^o^)／ｵﾜﾀ	3		260	-20.0
オワタ	人生ｵﾜﾀ＼(^o^)／	3		260	-20.0
オワタ	|←樹海|　　　　　┗(^o^ )┓三	3		260	-20.0
オーイ	(*」>д<)」ｵｫ───ｲ!!	3		260	-20.0
カイガン	( ✹‿✹ )	3		260	-20.0
カエレ	(・∀・)ｶｴﾙ!!	3		260	-20.0
カエレ	(・∀・)ｶｴﾚ!!	3		260	-20.0
カキカキ	φ(｀д´)ｶｷｶｷ	3		260	-20.0
カサ	((((( ( ⊃・ω・)⊃☂	3		260	-20.0
カサカサ	┌( ´c_`　┐)┐三	3		260	-20.0
カサカサ	へ(へ´∀`　)へ	3		260	-20.0
カサカサ	三┌(┌ 　´_ゝ` )┐	3		260	-20.0
カサカサ	三へ(へ´☉∀☉`)へ	3		260	-20.0
カモン	щ(ﾟдﾟщ)	3		260	-20.0
カモーン	(屮ﾟДﾟ)屮ｶﾓｫｫｫﾝ	3		260	-20.0
カモーン	ｶﾓｫｫｫ━━━━━(屮ﾟДﾟ)屮━━━━━ﾝ!!!!!!	3		260	-20.0
カモーン	~ﾍ(´ー｀*) ｶﾓｰﾝ	3		260	-20.0
カモーン	щ(ﾟдﾟщ)ｶﾓｰﾝ	3		260	-20.0
カモーン	ｶﾓ━━━━щ(ﾟдﾟщ)━━━━ﾝ!!	3		260	-20.0
カワイイ	ｶﾜ(・∀・)ｲｲ!!	3		260	-20.0
カンパイ	♪(*＞ω＜)o∀*∀o(＞ω＜*)♪	3		260	-20.0
カーチャン	Ｊ( 'ｰ`)し	3		260	-20.0
ガオー	ヽ（ﾟ皿ﾟ)ヽ ｶﾞｵｰ!!	3		260	-20.0
ガオー	(「・ω・)「ｶﾞｵｰ	3		260	-20.0
ガオー	(｢･ω･)｢	3		260	-20.0
ガオー	(「・ω・)「がおー	3		260	-20.0
ガクブル	((((；ﾟДﾟ))))ｶﾞｸｶﾞｸﾌﾞﾙﾌﾞﾙ	3		260	-20.0
ガクブル	(((((((( ；ﾟДﾟ))))))))ｶﾞｸｶﾞｸﾌﾞﾙﾌﾞﾙｶﾞﾀｶﾞﾀﾌﾞﾙﾌﾞﾙ	3		260	-20.0
ガクブル	:;(∩´﹏`∩);:	3		260	-20.0
ガクブル	:;(∩＞_＜∩);:	3		260	-20.0
ガクブル	:(；ﾞﾟ'ωﾟ'):	3		260	-20.0
ガクブル	((((；>д<))))ｶﾞｸｶﾞｸﾌﾞﾙﾌﾞﾙ	3		260	-20.0
ガッ	■━⊂(　・∀・) 彡 ｶﾞｯ☆`Д´)ﾉ	3		260	-20.0
ガッ	ヽ( ・∀・)ﾉ┌┛ｶﾞｯΣ(ﾉ`Д´)ﾉ	3		260	-20.0
ガッカリ　	(´・ω・｀)ｶﾞｯｶﾘ…	3		260	-20.0
ガンバリタイ	╰(　´◔　ω　◔ `)╯	3		260	-20.0
ガンバレ	✺◟(∗❛ัᴗ❛ั∗)◞✺	3		260	-20.0
ガーン	＿|￣|○	3		260	-20.0
ガーン	Σ(ﾟдﾟlll)ｶﾞｰﾝ	3		260	-20.0
ガーン	ｶﾞ━━(;ﾟДﾟ)━━ﾝ!!	3		260	-20.0
ガーン	ｶﾞ━━(;ﾟДﾟ)━(　ﾟД)━(　　ﾟ)━(　　 )━(ﾟ;　 )━(Дﾟ; )━(ﾟДﾟ;)━━ﾝ!!!!!	3		260	-20.0
ガーン	Σ(･ω･;|||	3		260	-20.0
ガーン	ガ―(´･ω･|||)―ン!!	3		260	-20.0
キエテモラオウ	( ◠‿◠ )☛	3		260	-20.0
キタコレ	(ﾟ∀ﾟ)ｷﾀｺﾚ!!	3		260	-20.0
キター	ｷﾀ━(ﾟ∀ﾟ)━!	3		260	-20.0
キター	ｷﾀ━━━━(ﾟ∀ﾟ)━━━━!!	3		260	-20.0
キター	ｷﾀ━━━━(ﾟ∀ﾟ)━━━━ｯ!!	3		260	-20.0
キター	ｷﾀ━ヽ( ﾟ∀ﾟ)ﾉ┌┛)`Дﾟ)･;'━!!	3		260	-20.0
キター	ｷﾀ━━━(Дﾟ(○=(ﾟ∀ﾟ)=○)Дﾟ)━━━!!	3		260	-20.0
キター	ｷﾀ━━━ヽ(∀ﾟ )人(ﾟ∀ﾟ)人( ﾟ∀)ノ━━━!!	3		260	-20.0
キター	ｷﾀ━━○（#ﾟ∀ﾟ）=（　 #）≡○)Д`)･∴'.━━ｯ!!!!	3		260	-20.0
キター	ｷﾀｷﾀｷﾀｷﾀ━━━(ﾟ∀ﾟ≡(ﾟ∀ﾟ≡ﾟ∀ﾟ)≡ﾟ∀ﾟ)━━━━!!	3		260	-20.0
キター	ｷﾀ━━(ﾟ∀ﾟ)⌒Ｙ⌒(｡Ａ｡)⌒Ｙ⌒(ﾟ∀ﾟ)⌒Ｙ⌒(｡Ａ｡)⌒Ｙ⌒(ﾟ∀ﾟ)━━!!	3		260	-20.0
キター	ｷﾀ━━━(ﾟ∀ﾟ)━( ﾟ∀)━( 　ﾟ)━(　　)━(　　)━(ﾟ 　)━(∀ﾟ )━(ﾟ∀ﾟ)━━━!!	3		260	-20.0
キター	ｷﾀ━(ﾟ∀ﾟ)━┥東│東│東│　 │　 │　 │発│発│発│中│中│中│北┝┥北┝━(ﾟ∀ﾟ)━!!!!	3		260	-20.0
キター	ｷﾀ━━━━━━━━m9( ﾟ∀ﾟ)━━━━━━━━!!	3		260	-20.0
キター	ｷﾀ - .∵･(ﾟ∀ﾟ)･∵. - ｯ!!	3		260	-20.0
キター	ｷﾀ*･゜ﾟ･*:.｡..｡.:*･゜(ﾟ∀ﾟ)ﾟ･*:.｡. .｡.:*･゜ﾟ･*!!!!	3		260	-20.0
キター	ｷﾀ─￣─_─￣─(ﾟ∀ﾟ)─￣─_─￣─!!!!	3		260	-20.0
キター	ｷﾀ─ｗｗﾍ√ﾚｖｖ〜(ﾟ∀ﾟ)─ｗｗﾍ√ﾚｖｖ〜─!!	3		260	-20.0
キター	ｷﾀ——(ﾟ∀ﾟ)——!!	3		260	-20.0
キター	JR━—━—━(ﾟ∀ﾟ)━—━—━—!!	3		260	-20.0
キチ	( ◡⁀◡ )	3		260	-20.0
キチ	(*◔ڼ◔)	3		260	-20.0
キチ	┌(┌՞ਊ՞)┐	3		260	-20.0
キチ	└(՞ةڼ◔)」	3		260	-20.0
キック	"<(^o^)>┌┛’,;’;≡三ﾄﾞｶｧｯ"	3		260	-20.0
キモイ	(╯⊙ ⊱ ⊙╰ )	3		260	-20.0
キモッ	三(((((´ω`；)ｷﾓｯ!	3		260	-20.0
キャッキャ	ヾ(*´∀｀*)ﾉ	3		260	-20.0
キャッホォ	＼(＞ヮ＜)／きゃっほぉ♪	3		260	-20.0
キャピ	☆（ゝω・）vｷｬﾋﾟ	3		260	-20.0
キャピ	"(,,･ω<,,)☆ﾟ･:*"	3		260	-20.0
キャピ	(*^-'*)♡	3		260	-20.0
キャピ	(´pゝω･)	3		260	-20.0
キャピ	(╹◡＜)⌒☆	3		260	-20.0
キャピ	(✿>◡╹)-♡	3		260	-20.0
キャピ	(๑╹◡＜๑):.｡+ﾟ	3		260	-20.0
キャピ	(oゝω･o)	3		260	-20.0
キャピ	+。:.ﾟ(๑＞◡╹๑)	3		260	-20.0
キャピ	+。:.ﾟ(๑＞◡╹๑)(๑╹◡＜๑):.｡+ﾟ	3		260	-20.0
キャピ	☆(ゝω･)vｷｬﾋﾟ	3		260	-20.0
キャピ	☆⌒(＞◡╹)	3		260	-20.0
キャピ	♡-(╹◡<✿)♪	3		260	-20.0
キャピ	ヽ(｡ゝω･)ﾉ	3		260	-20.0
キャピ	o(・ω＜)o	3		260	-20.0
キャー	(〃> _ <)	3		260	-20.0
キャー	(*∩ω∩)	3		260	-20.0
キャー	(/ω＼)	3		260	-20.0
キャー	(/ω＼)ｷｬｯ	3		260	-20.0
キャー	(〃∇〃)	3		260	-20.0
キャー	(〃ﾉωﾉ)ｷｬｯ	3		260	-20.0
キャー	∑(ﾟ∀ﾟ」)」	3		260	-20.0
キャー	ヾ(〃> _ <)ﾉﾞ	3		260	-20.0
キャー	ヾ(≧▽≦)ﾉｷｬｯｷｬｯ	3		260	-20.0
キュッキュッキュッニャア	(乂'ω')きゅっ (乂'ω')きゅっ (乂'ω')きゅっ └('ω')┘ﾆｬｱｱｱｱｱｱｱｱｱｱ!!!!	3		260	-20.0
キラキラ	*・゜゜・*:.。..。.:*・゜|*╹ω╹*|゜・*:.。. .。.:*・゜゜・*	3		260	-20.0
キラキラ	⋆* ⁑⋆* (๑•﹏•)⋆* ⁑⋆*	3		260	-20.0
キラキラ	✧*｡(ˊᗜˋ*)✧*｡	3		260	-20.0
キラキラ	✲ﾟ｡.(✿╹◡╹)ﾉ☆.｡₀:*ﾟ✲ﾟ*:₀｡	3		260	-20.0
キラッ	きらっ✦(╹◡╹▰)	3		260	-20.0
キラーン	(☆∀☆)	3		260	-20.0
キレソー	(゜〜゜)は〜〜？キレそ〜〜	3		260	-20.0
ギュッ	(≧ω≦(｡･_･｡)ゝｷﾞｭｯ	3		260	-20.0
ギュッ	(つ･ω･(-ω-*)ﾀﾞｷｯ	3		260	-20.0
ギュッ	(っ*'ω'*c)	3		260	-20.0
ギュッ	(っ＞ω＜c)	3		260	-20.0
ギュッ	°+♡:.(っ>ω<c).:♡+°	3		260	-20.0
ギュッ	ﾑｷﾞｭ((((⊃)☉ω☉(⊂)))))ﾑｷﾞｭ	3		260	-20.0
ギュッ	むぎゅー＞ω＜	3		260	-20.0
クシャミ	(　>д<)､;'.･　ｨｸｼｯ	3		260	-20.0
クシャミ	( >д<).;':ﾍｯｸｼｮﾝ!	3		260	-20.0
クマ	（・(ｪ)・）	3		260	-20.0
クマ	（´(ｪ)｀）	3		260	-20.0
クマ	(  ◍•㉦•◍ )♡	3		260	-20.0
クルクル	‹‹\(´ω` )/››‹‹\( 　´)/››‹‹\( ´ω`)/››	3		260	-20.0
クルー	ｸﾙ━━━━(ﾟ∀ﾟ)━━━━!!	3		260	-20.0
クルー	ｸﾙ━━━━(ﾟ∀ﾟ)━━━━??	3		260	-20.0
クルー	ｸﾙ━(ﾟ∀ﾟ)━ｷｯﾄｸﾙ━(ﾟ∀ﾟ)━( ﾟ∀)━( 　ﾟ)━(　　)━(ﾟ 　)━(∀ﾟ )━(ﾟ∀ﾟ)━!!	3		260	-20.0
クルー	ｸﾙﾅ━━━━━━( ﾟДﾟ)┛━━━━━━!!	3		260	-20.0
クルー	ｸﾙﾜｧ*･゜ﾟ･*:.｡..｡.:*･゜(n‘∀‘)ηﾟ･*:.｡. .｡.:*･゜ﾟ･*!!!!	3		260	-20.0
グイグイ	ヾ(〃l _ l)ノ	3		260	-20.0
グスン	(´Д⊂ｸﾞｽﾝ	3		260	-20.0
グッ	(　´∀｀)bｸﾞｯ!	3		260	-20.0
グッ	╭( ・ㅂ・)و̑ ｸﾞｯ	3		260	-20.0
グッ	(๑•̀ㅂ•́)و✧	3		260	-20.0
グッ	╭( ･ㅂ･)و ̑̑ ｸﾞｯ !	3		260	-20.0
グッ	( ‘-^ )b	3		260	-20.0
グッ	Σd(>∀<*)♪ﾟ+.ﾟ	3		260	-20.0
グヌヌ	（；＾ν＾）ぐぬぬ…	3		260	-20.0
グヌヌ	(*Ծ﹏Ծ)ぐぬぬ……ぐぬぬ！	3		260	-20.0
ケッ	(　｀д´) ｹｯ!	3		260	-20.0
ゲキオコ	\\٩(๑`ȏ´๑)۶//	3		260	-20.0
ゲキオコプンプンマル	＼＼\\٩(๑`^´๑)۶//／／	3		260	-20.0
ゲッソリ	<丶´Д｀>ｹﾞｯｿﾘ	3		260	-20.0
ゲッツ	(σ・∀・)σｹﾞｯﾂ!!	3		260	-20.0
ココ	((☛(◜◔。◔◝)☚))	3		260	-20.0
ココ	((☛(◜◔。◔◝)☚)) ここ大丈夫ですか〜〜〜〜〜??????????	3		260	-20.0
ココロピョンピョン	こころぴょんぴょん待ち！✧ヾ(❀╹◡╹)ﾉﾞ考えるふりして(*≧o≦)b❤もうちょっと♡近づいちゃえ！♡ヾ(*'∀`*)ﾉ♡簡単には教えない(／≧∇)／＼(∇≦＼)／♪♡こんなに好きなことは✧:.٩(๑>◡<๑)۶:.♡内緒なの～！((	3		260	-20.0
コラコラ	(   `o´  )	3		260	-20.0
ゴゴゴ	ｺﾞｺﾞｺﾞｺﾞｺﾞ	3		260	-20.0
ゴシゴシ	(つд⊂)ｺﾞｼｺﾞｼ	3		260	-20.0
ゴメン	(m´・ω・｀)m ｺﾞﾒﾝ…	3		260	-20.0
ゴロゴロ	三('ω')三( ε: )三(.ω.)三( :3 )三('ω')三( ε: )三(.ω.)三( :3 )ｺﾞﾛｺﾞﾛｺﾞﾛ	3		260	-20.0
サァ	ʅ(*´◡`)ʃ	3		260	-20.0
サカナ	>゜)))彡	3		260	-20.0
サゲ	q(ﾟдﾟ )↓sage↓	3		260	-20.0
サゲ	⌒ﾟ( ﾟДﾟ)ﾟ⌒ ｻｹﾞﾛ!!	3		260	-20.0
サッ	|彡ｻｯ	3		260	-20.0
シャキーン	(｀・ω・´)ｼｬｷｰﾝ	3		260	-20.0
シャキーン	(｀･ω･´)ｼｬｷｰﾝ	3		260	-20.0
シャキーン	ヽ(•̀ω•́ )ゝ✧	3		260	-20.0
シュウリョウ	糸冬 了..._φ(ﾟ∀ﾟ )ｱﾋｬ	3		260	-20.0
シューティング	(´へωへ`*)	3		260	-20.0
ショボ	(´・ω・｀)	3		260	-20.0
ショボ	(´・ω・`)	3		260	-20.0
ショボ	(´ﾟωﾟ｀)ｼｮﾎﾞｯ	3		260	-20.0
ショボ	(´・ω・｀)ｼｮﾎﾞｰﾝ	3		260	-20.0
ショボ	(´・ω:;.:... 	3		260	-20.0
ショボーン	( ＝ω＝)	3		260	-20.0
ショボーン	(´･ω･`)	3		260	-20.0
ショボーン	(´・д・`)	3		260	-20.0
ショボーン	(◞‸◟)	3		260	-20.0
ショボーン	(๑´╹‸╹`๑)	3		260	-20.0
ショボーン	(๑´◕﹏◕`)	3		260	-20.0
ショボーン	il||li(つω-`。)il||li	3		260	-20.0
シランガナ	(´・ω・`)知らんがな	3		260	-20.0
シロメ	( ꒪⌓꒪)	3		260	-20.0
シンギチュウ	【審議中】　(　´・ω) (´・ω・) (・ω・｀) (ω・｀ )	3		260	-20.0
ジシン	地震ｷﾀ━━━━━(((ﾟ∀ﾟ)))━━━━━!!!!	3		260	-20.0
ジシン	≡(（ 　´Д｀）／≡=　先生！地震です！	3		260	-20.0
ジタバタ	(((o(><;)(;><)o)))ｼﾞﾀﾊﾞﾀ	3		260	-20.0
ジタバタ	ヾ(:3ﾉｼヾ)ﾉｼ	3		260	-20.0
ジタバタ	ヾ(>ω<ヾﾉ三ヽ^ｼ>ω<)ﾉｼ	3		260	-20.0
ジタバタ	o(；>△<)o	3		260	-20.0
ジタバタ	o(>_< *)(* >_<)oｼﾞﾀﾊﾞﾀ	3		260	-20.0
ジタバタ	o(><o)(o><)oｼﾞﾀﾊﾞﾀ	3		260	-20.0
ジャガ	(╮╯╭)	3		260	-20.0
ジュルリ	(*･ρ･)ｼﾞｭﾙﾘ	3		260	-20.0
ジュルリ	(੭ ˃̣̣̥ ω˂̣̣̥)੭ु⁾⁾	3		260	-20.0
ジュルリ	ヽ(゜▽、゜)ノｼﾞｭﾙﾘ	3		260	-20.0
ジー	(・д・)ｼﾞｰｯ	3		260	-20.0
ジー	・・・・・(・ω・。) ｼﾞｰｯ	3		260	-20.0
ジー	(๑╹ω╹๑ )じー	3		260	-20.0
ジー	[壁]д=) ｼﾞｰ	3		260	-20.0
ジー	＜●＞＜●＞	3		260	-20.0
ジー	｜_・)	3		260	-20.0
ジー	|－゜)	3		260	-20.0
ジー	|╹๑ )じー	3		260	-20.0
ジー	|ω・)	3		260	-20.0
ジー	|д・)	3		260	-20.0
ジー	n[◎]ｺω・´)	3		260	-20.0
ジー	壁|ω・)	3		260	-20.0
ジー	壁|ω・) にゃー	3		260	-20.0
スチャ	(｀･ω-)▄︻┻┳═一	3		260	-20.0
スヤァ	( ˘ω˘ )	3		260	-20.0
スヤァ	₍₍ (ง ˘ω˘ )ว ⁾⁾	3		260	-20.0
スヤア	( ˘ω˘ )ｽﾔｧ…	3		260	-20.0
スヤア	( ˘ω˘)ｽﾔｧ	3		260	-20.0
ズコー	ヽ(・ω・)/ｽﾞｺｰ	3		260	-20.0
ズサァ	_(°ω°｣ ∠)_三	3		260	-20.0
ズサァ	⊂(　っ☉ω☉)っ	3		260	-20.0
ズサァ	⊂('ω`⊂ 三	3		260	-20.0
ズサァ	c(＞◡＜と⌒c)つ彡	3		260	-20.0
ズリズリ	_(´ω`_)⌒)_　））	3		260	-20.0
ソッカー	('･c_･` )ｿｯｶｰ	3		260	-20.0
ソレダ	(・∀・)ｿﾚﾀﾞ!!	3		260	-20.0
ソレダ	m9(ﾟдﾟ)っ ｿﾚﾀﾞｯ!!	3		260	-20.0
ソンナー	(´・д・｀)ｿﾝﾅｰ	3		260	-20.0
タイイク	体゛育゛ヤ゛ダ゛ー！！！！！！！！！！！オ゛ウ゛チ゛帰゛る゛ーーーーーーーーーーーーーーーーーーーー！！！！！！！！	3		260	-20.0
タイホ	ﾀｲ━━━━||Φ|(|ﾟ|∀|ﾟ|)|Φ||━━━━ﾎ!!	3		260	-20.0
タイホ	ﾀｲ━━━━||Φ|(|´|Д|`|)|Φ||━━━━ﾎ!!	3		260	-20.0
タウンページ	三( ◠‿◠ )そんな時にタウンページが便利なんですよ	3		260	-20.0
タダイマ	ε＝(ﾉﾟдﾟ)ﾉ ﾀﾀﾞｲﾏｰ	3		260	-20.0
タダイマ	|///|ヽ(ﾟДﾟ )ﾉ|///|ﾀﾀﾞｲﾏｰ	3		260	-20.0
タダイマ	{´ウ｀}ノ　＜みんな・・・ただいま！	3		260	-20.0
タノシイ	✌('ω'✌ )三✌('ω')✌三( ✌'ω')✌	3		260	-20.0
タバコ	( ´ー｀)y-~~	3		260	-20.0
タバコ	( ﾟДﾟ)y─┛~~	3		260	-20.0
タバコ	( ;ﾟДﾟ)y─┛~~	3		260	-20.0
タバコ	−y( ´Д｀)｡oO○	3		260	-20.0
タメイキ	(´・ω・) =3	3		260	-20.0
ダッシュ	|○|┗(☋｀ )┓三	3		260	-20.0
ダッシュ	┗(^o^ )┓三	3		260	-20.0
ダメポ	馬犬 目 ぽ..._φ(ﾟ∀ﾟ )ｱﾋｬ	3		260	-20.0
チッ	(・д・)ﾁｯ	3		260	-20.0
チャーハン	（；`・ω・）ｏ━ヽ_｡_･_ﾟ_･_フ))　チャーハン作るよ！	3		260	-20.0
チュッ	( ˘ ³˘)♡	3		260	-20.0
チラ	( ˇωﾟ)ﾁﾗ	3		260	-20.0
チラッ	|дﾟ)ﾁﾗｯ	3		260	-20.0
チラッ	(/ω・＼)ﾁﾗｯ	3		260	-20.0
チーン	Ω＼ζ°)ﾁｰﾝ	3		260	-20.0
ツウホウ	m9(`Д´)通報しますた！	3		260	-20.0
ツウホウ	(　・∀)人(∀・　)通報しますた！	3		260	-20.0
ツラポヨ	(´･_･`)	3		260	-20.0
ツラポヨ	~(  ~´･_･`)~	3		260	-20.0
ツンツン	( ´_ゝ｀)σ)Д`)ﾂﾝﾂﾝ	3		260	-20.0
テオクレ	ヾ(＠⌒ー⌒＠)ノ	3		260	-20.0
テカテカ	+（0ﾟ・∀・） + ﾃｶﾃｶ   +	3		260	-20.0
テヘ	(・・。)ゞ テヘ	3		260	-20.0
テヘ	(∀<*ゞ)ﾃﾍｯ	3		260	-20.0
テヘ	(∞≧◇≦)テヘ	3		260	-20.0
テヘ	σ)>ω<*)ﾃﾍｯ☆	3		260	-20.0
テヘヘ	(*ノ∀`)ﾃﾍﾍｯ♪	3		260	-20.0
テヘペロ	(・ω<) てへぺろ	3		260	-20.0
テヘペロ	(・ω<) ﾃﾍﾍﾟﾛ	3		260	-20.0
テヘペロ	（ゝω・） ﾃﾍﾍﾟﾛ	3		260	-20.0
テヘペロ	(ﾉ≧ڡ≦)	3		260	-20.0
テヘペロ	てへぺろ！(*ゝωб)	3		260	-20.0
テヘペロ	てへぺろ(・ω<)	3		260	-20.0
テレ	.:｡+ﾟ (つω＜〃) ﾟ.:｡+ﾟ	3		260	-20.0
テレ	（ //_//）	3		260	-20.0
テレ	(。・ω・。)	3		260	-20.0
テレ	(*/∇＼*)	3		260	-20.0
テレ	(*/ω＼*)	3		260	-20.0
テレ	(*´ω｀*)	3		260	-20.0
テレ	(*ﾉ∀ﾉ)	3		260	-20.0
テレ	(*ﾉдﾉ)	3		260	-20.0
テレ	（//∇//）	3		260	-20.0
テレ	(照>∀<)/	3		260	-20.0
テレ	ヾ(〃∇〃)ﾉ	3		260	-20.0
デケデケ	w三( ^o^)三( ^o^)三( ^o^)ﾃﾞｹﾃﾞｹﾃﾞｹ三( ^o^)三( ^o^)三( ^o^)ﾃﾞｹﾃﾞｹﾃﾞｹﾃﾞｹﾃﾞｹ三( ^o^)三( ^o^)三( ^o^)ﾃﾞｹﾃﾞｹﾃﾞｹﾃﾞｹﾃﾞｹ	3		260	-20.0
デローン	∈(´_________________｀)∋	3		260	-20.0
デンワ	( ^o^)☎┐＜垢消せｗｗｗｗｗｗｗｗｗｗｗｗｗｗｗ ( ^o^)Г☎ チンッ	3		260	-20.0
トイレ	ε=(ﾉﾟДﾟ)ﾉ　‖WC‖	3		260	-20.0
トイレ	‖WC‖　ﾌｩｯ♪〜ヽ( ´ー｀)ノ	3		260	-20.0
トボトボ	|・ω・`))))........	3		260	-20.0
トントン	ﾄﾝﾄﾝﾄﾝ(ﾉｼ ꒪д꒪ )ﾉｼ	3		260	-20.0
ドゥルル	…三(卍 ˘ω˘))卍	3		260	-20.0
ドゥルル	└(┐卍՞ਊ ՞)卍	3		260	-20.0
ドゥルル	三└(┐卍^o^)卍	3		260	-20.0
ドウシテコウナッタ	（ ＾ω＾ ）どうしてこうなった！	3		260	-20.0
ドウゾ	( つ╹ω╹)つ	3		260	-20.0
ドウゾ	(っ〃l _ l)っ	3		260	-20.0
ドウゾ	(っ´ω`)っ	3		260	-20.0
ドウモ	⊂(´ω`⊂ )	3		260	-20.0
ドキドキ	ﾄﾞｷ(灬ºωº灬)ﾄﾞｷ	3		260	-20.0
ドコドコ	┗(^o^)┛ｗｗｗｗｗ┏(^o^)┓ﾄﾞｺﾄﾞｺﾄﾞｺﾄﾞｺｗｗｗｗｗ	3		260	-20.0
ドゴォ	－＝三∩(＞◡＜*)∩))Д´)どごぉ！	3		260	-20.0
ドッチ	⁽˙³˙⁾◟( ˘•ω•˘ )◞⁽˙³˙⁾	3		260	-20.0
ドドド	┣¨┣¨┣¨┣¨┣¨┣¨┣¨┣¨┣¨┣¨┣¨┣¨┣¨	3		260	-20.0
ドンマイ	ﾄﾞﾝ(　ﾟдﾟ)ﾏｲ	3		260	-20.0
ドーン	m9( ﾟДﾟ) ﾄﾞｰﾝ!	3		260	-20.0
ドーン	ﾄﾞ━(ﾟДﾟ)━ﾝ!!	3		260	-20.0
ドーン	ﾄﾞ━━━━m9(ﾟ∀ﾟ)━━━━ﾝ!!	3		260	-20.0
ナァレ	(∩^o^)⊃━☆ﾟ.*･｡ 	3		260	-20.0
ナイナイ	(ヾﾉ･∀･`)ﾅｲﾅｲ	3		260	-20.0
ナイナイ	(ヾﾉ･ω･`)ﾅｲﾅｲ	3		260	-20.0
ナイナイ	(ヾﾉ＞ヮ＜)ﾅｲﾅｲ	3		260	-20.0
ナイナイ	(ヾﾉヾﾉヾﾉヾﾉヾﾉ･ω･`)ヾﾉｼﾞｪｯﾄｽﾄﾘｰﾑﾅｲﾅｲ	3		260	-20.0
ナイワー	 (＝△＝`歩)ないわー	3		260	-20.0
ナイワー	（＃-△-）ないわー	3		260	-20.0
ナカノヒト	(´∀｀|Д・)っ|)＜中の人などいない！	3		260	-20.0
ナカユビ	(☝ ՞ਊ ՞)☝	3		260	-20.0
ナカユビ	☝( ◠‿◠ )☝	3		260	-20.0
ナデナデ	ヾ(＞ヮ＜*)ﾅﾃﾞﾅﾃﾞ	3		260	-20.0
ナデナデ	" (o・_・)/""(ノ_<。)ヨシヨシ"	3		260	-20.0
ナデナデ	" (o＞ω＜)/""(ノ_<。)ヨシヨシ"	3		260	-20.0
ナデナデ	(｡-∀-)ヾ(´∀｀*)ﾅﾃﾞﾅﾃﾞ	3		260	-20.0
ナデナデ	(*'ヮ')ﾉｼ	3		260	-20.0
ナデナデ	(p_;)＼(^^ )	3		260	-20.0
ナデナデ	ヾ(・ω・ ) ﾅﾃﾞﾅﾃ	3		260	-20.0
ナデナデ	ヾ(・ω・｀ )ﾅﾃﾞﾅﾃﾞ	3		260	-20.0
ナデナデ	ヾ(＾∇＾*)	3		260	-20.0
ナデナデ	ヾ(＞ω＜ )ﾅﾃﾞﾅﾃﾞ	3		260	-20.0
ナデナデ	ヾ(>ヮ<๑)なでなでっ♪	3		260	-20.0
ナデナデ	ヾ(╹◡╹๑)なでなでっ♪	3		260	-20.0
ナニコレ	ﾍ(ﾟдﾟ)ﾉ ﾅﾆｺﾚ?	3		260	-20.0
ナミ	下广卞廿十亠卉与本二上旦上二本与卉亠十廿卞广下广卞廿十亠卉	3		260	-20.0
ナミ	与本二上旦上二本与卉亠十廿卞广下广卞廿十亠卉	3		260	-20.0
ナミダ	・゜・(PД｀q｡)・゜・	3		260	-20.0
ナミダ	.･ヾ(｡>д<)ｼ	3		260	-20.0
ナミダ	｡･ﾟ '゜（*/Д＼*） '゜ﾟ･｡	3		260	-20.0
ナミダ	。・°°・(＞_＜)・°°・。	3		260	-20.0
ナミダ	｡ﾟ(ﾟ´ω`ﾟ)ﾟ｡ﾋﾟｰ	3		260	-20.0
ナミダ	｡ﾟ(´っωｃ`)ﾟ｡	3		260	-20.0
ナミダ	｡ﾟ(ﾟ∩´﹏`∩ﾟ)ﾟ｡	3		260	-20.0
ナミダ	。゜(＞ω＜)゜。	3		260	-20.0
ナミダ	(･_･、)	3		260	-20.0
ナミダ	(；д；)	3		260	-20.0
ナミダ	(｡>﹏<)	3		260	-20.0
ナミダ	(｡＞‸＜｡)	3		260	-20.0
ナミダ	(｡◕ˇдˇ◕｡)	3		260	-20.0
ナミダ	(´ρω；｀)	3		260	-20.0
ナミダ	(>＿<。)	3		260	-20.0
ナミダ	(>へ<｡)	3		260	-20.0
ナミダ	(≧(エ)≦。)	3		260	-20.0
ナミダ	(⊃д∩)	3		260	-20.0
ナミダ	(☍﹏⁰)	3		260	-20.0
ナミダ	(ू˃̣̣̣̣̣̣︿˂̣̣̣̣̣̣ ू)	3		260	-20.0
ナミダ	"(ノ_・,)"	3		260	-20.0
ナミダ	(ノ◇≦。)	3		260	-20.0
ナミダ	(ﾉω･､) ｳｩ･･･	3		260	-20.0
ナミダ	(ﾉω<､) ｳｩ･･･	3		260	-20.0
ナミダ	(ノд<。)゜。	3		260	-20.0
ナミダ	˚‧º·(˚ ˃̣̣̥᷄⌓˂̣̣̥᷅ )‧º·˚	3		260	-20.0
ナミダ	゜。(p>∧<q)。゜゜	3		260	-20.0
ナムー	(๑╹ᆺ╹)	3		260	-20.0
ナンダト	(@@ .:;)ﾅﾝﾀﾞﾄ	3		260	-20.0
ナンダト	( ･`ω･´)ﾅﾝ…ﾀﾞﾄ!?	3		260	-20.0
ナンテコッタイ	／(^o^)＼ﾅﾝﾃｺｯﾀｲ	3		260	-20.0
ニコ	 ﾟ+.(･ω･)ﾟ+.ﾟ	3		260	-20.0
ニコ	｡.ﾟ+:ヾ(*･ω･)ｼ.:ﾟ+｡	3		260	-20.0
ニコ	｡.ﾟ+:ヾ(*'ヮ')ｼ.:ﾟ+.｡	3		260	-20.0
ニコ	( •ω•ฅ）.｡.:*♡	3		260	-20.0
ニコ	('ω'*)	3		260	-20.0
ニコ	(* ' ヮ')-♡	3		260	-20.0
ニコ	(*^ー゜)ノ	3		260	-20.0
ニコ	(*ﾟ∀ﾟ)	3		260	-20.0
ニコ	(*╹▽╹*)	3		260	-20.0
ニコ	(*ノ≧∀)ノ	3		260	-20.0
ニコ	（＞ヮ＜*）	3		260	-20.0
ニコ	(≧∇≦*)	3		260	-20.0
ニコ	(⋈◍＞◡＜◍)。✧♡	3		260	-20.0
ニコ	(▰╹◡╹)	3		260	-20.0
ニコ	(ﾟ▽ﾟ*)	3		260	-20.0
ニコ	(✿╹◡╹)	3		260	-20.0
ニコ	(✿╹◡╹) 。o()	3		260	-20.0
ニコ	(✿╹◡╹)ﾉ	3		260	-20.0
ニコ	(✿ゝ◡╹)ノo.♡ﾟ｡*	3		260	-20.0
ニコ	(๑╹◡╹๑)	3		260	-20.0
ニコ	*･゜ﾟ･*:.｡..｡.:*･'(*ﾟ▽ﾟ*)'･*:.｡. .｡.:*･゜ﾟ･*	3		260	-20.0
ニコ	ﾟ+｡:.ﾟヽ(*´∀`)ﾉﾟ.:	3		260	-20.0
ニコ	+。:.ﾟ٩(๑＞◡＜๑)۶:.｡+ﾟ	3		260	-20.0
ニコ	◝(╹▿╹)◜	3		260	-20.0
ニコ	◡( ╹◡╹ )◡	3		260	-20.0
ニコ	☆*:.｡. o(≧▽≦)o .｡.:*☆	3		260	-20.0
ニコ	☆＾∇゜) ニパッ!!	3		260	-20.0
ニコ	☆ﾐ(o*･ω･)ﾉ	3		260	-20.0
ニコ	♡(๑◕◡◕๑)♪	3		260	-20.0
ニコ	✌(๑˃̶͈̀◡˂̶͈́๑)✌	3		260	-20.0
ニコ	✧◝(⁰▿⁰)◜✧	3		260	-20.0
ニコ	ヾ(･ω･*)ノ	3		260	-20.0
ニコ	ヾ(*･ω･)ﾉｼ	3		260	-20.0
ニコ	ヾ(〃^∇^)ﾉ	3		260	-20.0
ニコ	ヾ(〃l _ l)ﾉﾞ	3		260	-20.0
ニコ	ヽ(╹◡╹✿)	3		260	-20.0
ニコ	ヾ(❀╹◡╹)ﾉﾞ	3		260	-20.0
ニコ	"ヾ(๑╹◡╹)ﾉ"""	3		260	-20.0
ニコ	٩꒰｡•◡•｡꒱۶	3		260	-20.0
ニコ	o(^▽^)o	3		260	-20.0
ニコ	o(≧∇≦)o	3		260	-20.0
ニコ	ε-ε-ヾ( o´∀)ﾂ	3		260	-20.0
ニコ	(✗╹◡╹)ﾉ	3		260	-20.0
ニコ	(✗╹◡╹)	3		260	-20.0
ニャイニャイ	o(≧∇≦o≧∇≦)oにゃいにゃい♪	3		260	-20.0
ニャンパス	(๑¯Δ¯๑)/	3		260	-20.0
ニャンパス	ฅ(๑'Δ'๑)	3		260	-20.0
ニャー	(／・ω・)／にゃー！	3		260	-20.0
ニャー	(ΦωΦ)	3		260	-20.0
ニヤニヤ	(⌒▽⌒)	3		260	-20.0
ニヤリ	(✧≖‿ゝ≖)	3		260	-20.0
ヌルポ	(　´∀｀)＜ぬるぽ	3		260	-20.0
ネコミミ	Λ__Λ	3		260	-20.0
ネムイ	(っA`)ﾈﾑｰ	3		260	-20.0
ネムイ	(ノД`)~゜。ﾈﾑｰ	3		260	-20.0
ネムイ	( ﾟДﾟ)ﾈﾑﾋｰ	3		260	-20.0
ネムイ	ﾈﾑｲ(´･ωゞ)	3		260	-20.0
ネムイ	(´ぅω・｀)ﾈﾑｲ	3		260	-20.0
ネムイ	(っ?-).｡o	3		260	-20.0
ネムイ	(っ=﹏=c) .｡o○	3		260	-20.0
ネムイ	ﾟ。(｡ρω-｡)	3		260	-20.0
ネムイ	( σω-)｡оﾟ	3		260	-20.0
ネムイ	(*´O)ゞ	3		260	-20.0
ネムイ	(´･ωゞ)	3		260	-20.0
ネムイ	(´ぅω-｀)ﾈﾑｲ	3		260	-20.0
ネムイ	(´っω-).｡oO	3		260	-20.0
ネムイ	(っ﹏-).｡oO	3		260	-20.0
ネムイ	ε(  ε=﹏=)э.｡o○	3		260	-20.0
ネル	_(　_・ヮ・)_	3		260	-20.0
ネル	_( _´º﹃º)_	3		260	-20.0
ネル	_( ╹◡＜ 」∠)_	3		260	-20.0
ネル	_( ╹◡╹ 」∠)_	3		260	-20.0
ネル	_(・ω・｣ ∠)_	3		260	-20.0
ネル	_(:0 」∠)_	3		260	-20.0
ネル	_(:3 」∠)_	3		260	-20.0
ネル	_(¯﹃¯ 」)_	3		260	-20.0
ネル	_(ˇωˇ」∠)_	3		260	-20.0
ネル	_(┐「﹃ﾟ｡)_	3		260	-20.0
ネル	_(┐「ε:)_	3		260	-20.0
ネル	_(▰´﹃｀▰｡ 」∠)_	3		260	-20.0
ネル	(:3 っ)っ	3		260	-20.0
ネル	('､3)_ヽ)＿	3		260	-20.0
ネー	( ´ﾟдﾟ)(ﾟдﾟ｀ )ﾈｰ	3		260	-20.0
ネー	(*´･ω･)(･ω･｀*)ﾈｰ	3		260	-20.0
ネー	ﾟ+｡(｡･ω-)(-ω･｡)ﾈｰ｡+ﾟ	3		260	-20.0
ネー	( ◜◡‾) ﾈｰ	3		260	-20.0
ネー	（　◜◡‾）（‾◡◝　）	3		260	-20.0
ネー	( ◜◡‾)◜◡‾)◜◡‾)◜◡‾)◜◡‾)ﾈﾈﾈﾈﾈｰ	3		260	-20.0
ネー	(*´>ω<)(>ω<｀*)ﾈｰ	3		260	-20.0
ネー	(*>ヮ<)(>ヮ<*)ﾈｰ	3		260	-20.0
ノシ	(・∀・)ﾉｼ	3		260	-20.0
ノシ	(ヾﾉ｡Ò ㅅ Ó)ﾉｼ	3		260	-20.0
ノシ	ヾ('ω'ヾﾉ三ヽ^ｼ'ω')ﾉｼ	3		260	-20.0
ノシ	"ヽ^ｼ,,・ω・,,)ﾉｼ"	3		260	-20.0
ノシ	ヽ^ｼ'ω')ﾉｼ	3		260	-20.0
ノシ	ヽ^ｼ＞ω＜)ﾉｼ	3		260	-20.0
ノシ	ヽ^ｼ▰╹ヮ╹)ﾉｼ	3		260	-20.0
ノビ	、(　　ノ・ω・)ノ	3		260	-20.0
ノートパソコン	\＿	3		260	-20.0
ノートパソコン	ﾉｰﾖﾊﾟﾖｺﾝ	3		260	-20.0
ハァハァ	(･:ﾟдﾟ:･)	3		260	-20.0
ハァハァ	(*´Д`)ﾊｧﾊｧ	3		260	-20.0
ハイ	＼(( ･ิ ‿ ゝ･ิ ))/	3		260	-20.0
ハイテンション	＼＼\\(۶•̀ᴗ•́)۶//／／	3		260	-20.0
ハッ	( ﾟдﾟ)ﾊｯ!	3		260	-20.0
ハッ	(；・∀・)ﾊｯ?	3		260	-20.0
ハッ	(； ･`д･´)	3		260	-20.0
ハッ	Σ(ﾟдﾟ )ﾊｯ!	3		260	-20.0
ハテナ	('ω')｡o(???????????????)	3		260	-20.0
ハーイ	ヽ| l　l│＜ﾊｰｲ	3		260	-20.0
ハート	(ﾉ*'ω'*)ﾉ~~~~♥	3		260	-20.0
バァ	ｃ( ´☉ω☉`)っ	3		260	-20.0
バイバイ	( ´Д｀)ﾉ~ﾊﾞｲﾊﾞｲ	3		260	-20.0
バイバイ	(´∀｀*)ﾉｼ　ﾊﾞｲﾊﾞｲ	3		260	-20.0
バタバタ	⁽⁽٩(๑˃̶͈̀ ᗨ ˂̶͈́)۶⁾⁾	3		260	-20.0
バタバタ	＼(╹◡╹＼Ξ／╹◡╹)／	3		260	-20.0
バタバタ	ヾ(　　・◡・　　)ﾉｼ	3		260	-20.0
バタバタ	ヽ(°д｡ヽ≡ﾉ°д｡)ﾉ	3		260	-20.0
バン	(ノ-_-)ノ~┻━┻	3		260	-20.0
バンバン	(ﾉｼ`>∀<)ﾉｼ ﾊﾞﾝﾊﾞﾝ	3		260	-20.0
バンバン	(੭ु⁾⁾＞_＜)੭ु⁾⁾	3		260	-20.0
バンバン	(੭ु´･ω･`)੭ु⁾⁾	3		260	-20.0
バンバン	(੭ु˙꒳​˙)੭ु⁾⁾	3		260	-20.0
バンバン	(ﾉｼ｀･ω･)ﾉｼﾊﾞﾝﾊﾞﾝ	3		260	-20.0
パァア	ヽ(*゜∀゜*)ノ	3		260	-20.0
パンチ	((⊂(╹◡╹๑∩)ｼｭｯｼｭｯ	3		260	-20.0
パンチ	=͟͟͞͞( ・=͟͟͞͞( ・ω・)っ≡つ ババババ	3		260	-20.0
パンチ	=͟͟͞͞(ｏ￣=͟͟͞͞(ｏ￣∇￣)＝◯)`ν゜)・；'	3		260	-20.0
パーン	( ‘д‘⊂彡☆))Д´) ﾊﾟｰﾝ	3		260	-20.0
パーン	(๑ᴖᴗᴖ)⊂彡☆)`ъ')･.:ﾟ｡☍	3		260	-20.0
パーン	ﾊﾟｰﾝ ( 'д') ⊂彡☆))Д´)	3		260	-20.0
ヒクワー	(((((･ω･｀；)	3		260	-20.0
ヒュンヒュン	(ﾟ∀三ﾟ三∀ﾟ)	3		260	-20.0
ヒュンヒュン	=͟͟͞͞( 'ヮ' 三 'ヮ' =͟͟͞͞)　	3		260	-20.0
ヒュンヒュン	=͟͟͞͞(๑╹ω╹三╹ω╹๑=͟͟͞͞)ヒュンヒュン	3		260	-20.0
ヒュンヒュン	=͟͟͞͞o(・ω・三・ω・=͟͟͞͞)o	3		260	-20.0
ビシッ	m9(　ﾟдﾟ)	3		260	-20.0
ビシッ	(´∀｀)９ ﾋﾞｼｯ!	3		260	-20.0
ビシッ	m9（・∀・）ﾋﾞｼｯ!!	3		260	-20.0
ビシッ	ｍ9っ｀Д´) ﾋﾞｼｯ!!	3		260	-20.0
ビシッ	(｀・ω・´)ゝﾋﾞｼｯ	3		260	-20.0
ビシッ	(＞ω＜)ゝﾋﾞｼｯ	3		260	-20.0
ビックリ	Σ(・ω・ノ)ノﾋﾞｯｸﾘ	3		260	-20.0
ビックリ	Σ((｡･ω･｡ )))	3		260	-20.0
ビューン	Σ＝＝＝＝⊂(　つ・ω・)つ	3		260	-20.0
ビューン	ﾋﾞｭｲｨｰﾝ 三 _( ◜◡‾)ﾉ	3		260	-20.0
ビヨン	･*･:≡(　ε:)	3		260	-20.0
ビローン	(　＞∀＜)σ＜ ´・ω・）ﾋﾞﾛｰﾝ	3		260	-20.0
ビローン	o< ・ω・ >oﾋﾞﾛｰﾝ	3		260	-20.0
ビローン	o< ´・ω・` >oﾋﾞﾛｰﾝ	3		260	-20.0
ビーム	: ه҈҉҉҉҉҉҉҉҉҉҉҉҉҉҉҉҉҉҉҉҉҉҉҉҉҉҉	3		260	-20.0
ピャー	（｀ェ´）ﾋﾟｬｰ	3		260	-20.0
ピョン	ε⌒c(∪・ｘ・)	3		260	-20.0
ピース	v(´∀｀*v)ﾋﾟｰｽ	3		260	-20.0
ピース	✌(・_・)✌	3		260	-20.0
ピース	ｖ(*´∀｀*)ｖ	3		260	-20.0
ピース	ピース(≧▽≦)v	3		260	-20.0
フェエ	(*>_<*)ﾉ	3		260	-20.0
フェエ	✧*。ヾ(｡>﹏<｡)ﾉﾞ。*✧	3		260	-20.0
フェエ	ヾ(｡>﹏<｡)ﾉﾞ	3		260	-20.0
フオオ	ﾌｵｵｵ(((卍(＾ω＾)卍)))ﾌｵｵｵ	3		260	-20.0
フジサン	／^o^＼ﾌｯｼﾞｯｻｰﾝ	3		260	-20.0
フッ	ヽ( ´ー)ﾉ ﾌｯ	3		260	-20.0
フッ	ε- (´ー`*)ﾌｯ	3		260	-20.0
フツウ	（・＿・）ﾌﾂｳ	3		260	-20.0
フヒヒ	"(　´,_ゝ`)ﾌﾋﾋ"	3		260	-20.0
フフフ	(ΦωΦ)ﾌﾌﾌ…	3		260	-20.0
フムフム	φ(ﾟДﾟ )ﾌﾑﾌﾑ…	3		260	-20.0
フンフン	(･ω･三･ω･)ﾌﾝﾌﾝ	3		260	-20.0
フーン	(　´_ゝ｀)ﾌｰﾝ	3		260	-20.0
フーン	ﾌ━━━(　´_ゝ｀)━━━ﾝ!!	3		260	-20.0
フーン	(　´_ゝ`)	3		260	-20.0
ブイッ	v(*'-^*)ｂぶいっ♪	3		260	-20.0
ブワッ	(´；ω；｀)ﾌﾞﾜｯ	3		260	-20.0
ブンブン	ﾌﾞﾝ((･ω･｀*)(*´･ω･))ﾌﾞﾝ	3		260	-20.0
ブンブン	ﾌﾞﾝ((>ω<｀*)(*´>ω<))ﾌﾞﾝ	3		260	-20.0
ブーン	⊂二二二（　＾ω＾）二⊃ﾌﾞｰﾝ	3		260	-20.0
ブーン	ﾌﾞｰﾝ(((⊂(  ･ω･)⊃ 	3		260	-20.0
ブーン	((((((((((っ･ω･)っ ﾌﾞｰﾝ	3		260	-20.0
ブーン	─=≡Σ((( つ•̀ω•́)つ	3		260	-20.0
プギャー	m9(^Д^)ﾌﾟｷﾞｬｰ	3		260	-20.0
プギャー	m9｡ﾟ(ﾟ^Д^ﾟ)ﾟ｡ﾌﾟｷﾞｬｰｯﾊﾊﾊﾊﾋｬﾋｬﾋｬﾋｬ	3		260	-20.0
プギャー	m9^Д^)m9^Д^)m9^Д^)ｼﾞｪﾄｽﾄﾘｰﾑﾌﾟｷﾞｬｰ	3		260	-20.0
プギャー	ﾌﾟｯﾌﾟｷﾞｬｰｯ!!m9ﾟ｡(^Д^ﾟ≡｡ﾟ^Д^)m9ﾟ｡ﾌﾟｯﾌﾟｷﾞｬ-ｯ!!	3		260	-20.0
プギャー	m9｡ﾟ(ﾟ^Д^ﾟ)ﾟ｡ﾌﾟｷﾞｬｰﾊﾊ八八ﾉヽﾉヽﾉヽﾉ ＼ / ＼/ ＼	3		260	-20.0
プギャー	ﾌﾟｷﾞｬｰ!m9(^Д^ )m9(^Д^)9m( ^Д^)9mﾌﾟｷﾞｬｰ!	3		260	-20.0
プギャー	ﾌﾟｷﾞｬ━━━━━━m9(^Д^)━━━━━━!!!!!!	3		260	-20.0
プギャー	ﾌﾟｷﾞｬﾌﾟｷﾞｬ━━━m9(^Д^≡^Д^)9m━━━━!!!!!!	3		260	-20.0
プギャー	ﾌﾟｷﾞｬ━━━━≡≡≡≡≡⊂｀⌒m9^Д^)⊃━━━━!!!!!!	3		260	-20.0
プニ	(　^∇^)σ	3		260	-20.0
プニ	(　^∇^)σ)≧∇≦)	3		260	-20.0
プニ	( ＞∀＜)σﾌﾟﾆﾌﾟﾆ	3		260	-20.0
プニ	(*･ω･)σ	3		260	-20.0
プニ	(*・д・)σ)д・*)	3		260	-20.0
プニ	(*＾∀＾)σ)＾∀＾)ﾌﾟﾆﾌﾟﾆ	3		260	-20.0
プニ	(*￣Д￣)σ)Д￣*)	3		260	-20.0
プニ	(*ﾟ∀ﾟ)σ)3ﾟ*)	3		260	-20.0
プニ	(´・ω・)σ)Д`)	3		260	-20.0
プニ	(⑅´∀`)σ)∀`*)♡	3		260	-20.0
プニ	(σ＞∀＜)σﾌﾟﾆﾌﾟﾆ	3		260	-20.0
プニ	(ㆀ˘･з･˘)σ)Д`)ｺｲﾂｩ	3		260	-20.0
プルプル	_:('Θ' 」 ∠):_	3		260	-20.0
ペチーン	( 'ヮ'⊂彡☆))Д´) ﾍﾟﾁｰﾝ	3		260	-20.0
ペッ	(　ﾟдﾟ)､ﾍﾟｯ	3		260	-20.0
ペッ	ｶｰｯ(ﾟДﾟ≡ﾟдﾟ)､ﾍﾟｯ	3		260	-20.0
ペロペロ	（＾ω＾）ﾍﾟﾛﾍﾟﾛ	3		260	-20.0
ペロペロ	(＾ω＾)ﾍﾟﾛﾍﾟﾛ	3		260	-20.0
ホシ	☆ミ	3		260	-20.0
ホシ	☆彡	3		260	-20.0
ホシ	ミ☆	3		260	-20.0
ホッ	ε-(´∀｀*)ﾎｯ	3		260	-20.0
ポイ	( ﾉ╹ヮ╹)ﾉ	3		260	-20.0
ポイ	(｡ŏ﹏ŏ)ﾉ⌒✹	3		260	-20.0
ポイ	(ﾉ´・ω・)ﾉ⌒✹	3		260	-20.0
ポイ	[]⌒ ヽ(・ω・*)	3		260	-20.0
ポイ	゜⌒⊂(´ω｀)	3		260	-20.0
ポイッ	・⌒ヾ( ﾟ㊖ﾟ)ﾎﾟｲｯ	3		260	-20.0
ポカーン	(　ﾟдﾟ)	3		260	-20.0
ポカーン	(　ﾟдﾟ)ﾎﾟｶｰﾝ	3		260	-20.0
ポカーン	ﾎﾟﾎﾟﾎﾟﾎﾟﾎﾟ(　ﾟдﾟ)ﾟдﾟ)ﾟдﾟ)ﾟдﾟ)ﾟдﾟ)ﾎﾟｶｰﾝ…	3		260	-20.0
ポカーン	( *º﹃º *)	3		260	-20.0
ポカーン	( °◇°)	3		260	-20.0
ポカーン	"(,,╹.╹)..."	3		260	-20.0
ポカーン	(╹⌓╹ )？	3		260	-20.0
ポカーン	(꒪⌓꒪ )	3		260	-20.0
ポカーン	(๑¯⌓¯๑)	3		260	-20.0
ポッ	(｡･_･｡)ﾎﾟｯ	3		260	-20.0
ポッキー	( ^ω)━━━━━━━━─(ω^ )	3		260	-20.0
ポワーン	(((・ω・)))ﾎﾟﾜﾜｰﾝ	3		260	-20.0
ポワーン	(*´ω｀*)	3		260	-20.0
ポワーン	(*ﾟ▽ﾟ*)	3		260	-20.0
ポワーン	(゜ー゜*)。・:*:・	3		260	-20.0
ポワーン	*･゜ﾟ･*:.｡..｡.:*･'(*ﾟ▽ﾟ*)'･*:.｡. .｡.:*･゜ﾟ･*	3		260	-20.0
マッテー	ヽ(´･ω･｀ヽ)	3		260	-20.0
マテヨ	｡｡oＯ	3		260	-20.0
マテヨ	( ˘⊖˘) 。o()	3		260	-20.0
マテヨ	(´-`).｡oO（）	3		260	-20.0
マユゲ	ヽ( ･ิ∀･ิ )ノ	3		260	-20.0
ミッフィー	(∪╹ｘ╹)	3		260	-20.0
ミテルゾ	((((･ิ(･ิω(･ิω･ิ)ω･ิ)･ิ))))	3		260	-20.0
ムキュー	"(,,Ծ‸Ծ) "	3		260	-20.0
ムニムニ	(ﾉ)・ω・(ヾ)ﾑﾆﾑﾆ	3		260	-20.0
ムリムリ	(ヾﾉ･∀･`)ﾑﾘﾑﾘ	3		260	-20.0
ムー	( *｀ω´)	3		260	-20.0
ムー	( ▔•з•▔ )	3		260	-20.0
ムー	(・ε・｀)	3		260	-20.0
ムー	(｡･з･｡)	3		260	-20.0
ムー	(｡•︿•｡)	3		260	-20.0
ムー	(｡◕ˇｏˇ◕｡)	3		260	-20.0
ムー	(｡ŏ﹏ŏ)	3		260	-20.0
ムー	(•́﹏•̀)	3		260	-20.0
ムー	(๑•́ ₃ •̀๑)	3		260	-20.0
メシウマ	(^Д^)ﾒｼｳﾏ	3		260	-20.0
メシウマ	ﾒｼｳﾏ━━━━━━ヽ(^Д^)ﾉ━━━━━━!!!!!!	3		260	-20.0
メモ	ｃ⌒っﾟдﾟ)っφ　ﾒﾓﾒﾓ...	3		260	-20.0
メモ	φ(｀д´)ﾒﾓﾒﾓ...	3		260	-20.0
メモ	...φ(．． )ﾒﾓﾒﾓ	3		260	-20.0
メモ	...φ(^∇^ )ﾒﾓﾒﾓ	3		260	-20.0
メモ	...φ(＞ω＜ )ﾒﾓﾒﾓ	3		260	-20.0
メモ	φ(・ω・ )	3		260	-20.0
メモ	φ(￣∇￣o)ﾒﾓﾒﾓ	3		260	-20.0
メモ	φ(╹◡╹๑)	3		260	-20.0
メモ	〆（．．	3		260	-20.0
モウシワケネエ	ヽ('ω')ﾉ三ヽ('ω')ﾉ	3		260	-20.0
モウダメ	･ﾟ･(｡✖д✖｡)･ﾟ･	3		260	-20.0
モキュ	(・ω・　)	3		260	-20.0
モキュ	(｡・＿・｡)	3		260	-20.0
モキュ	(｡・ω・｡)	3		260	-20.0
モキュ	(*・ω・*)	3		260	-20.0
モキュ	(*'ω'*)	3		260	-20.0
モキュ	"(´,,•ω•,,｀)"	3		260	-20.0
モキュ	(✘╹◡╹✘)	3		260	-20.0
モグモグ	"ŧ‹""ŧ‹""( 'ч' )ŧ‹""ŧ‹"""	3		260	-20.0
モグモグ	(´〜｀)ﾓｸﾞﾓｸﾞ	3		260	-20.0
モグモグ	(´･ ～ ･`)	3		260	-20.0
モグモグ	"ŧ‹""ŧ‹""(*´ω｀*)"	3		260	-20.0
モグモグ	ŧ‹”(๑´ㅂ`๑)ŧ‹”	3		260	-20.0
モゾモゾ	_('ω' 」)_	3		260	-20.0
モゾモゾ	_(´ㅅ`_)⌒)_	3		260	-20.0
モゾモゾ	ヾ(⌒(_*'ω'*)_	3		260	-20.0
モゾモゾ	o(ﾟｰﾟo)｡｡｡｡3	3		260	-20.0
モトメル	(;ﾞ＞'ω＜'):	3		260	-20.0
モヒョ	~(´ω`~)	3		260	-20.0
モフモフ	(/)ω(ヾ)	3		260	-20.0
モミモミ	ლ(╹◡╹ლ)	3		260	-20.0
モリ	┌(＾0＾)┘モリ！	3		260	-20.0
ヤア	|ω・｀)ﾉ ﾔｧ	3		260	-20.0
ヤア	(´・ω・｀)やあ	3		260	-20.0
ヤダ	(´・д・｀)ﾔﾀﾞ	3		260	-20.0
ヤダ	c(`Д´と⌒ｃ)つ彡 ﾔﾀﾞﾔﾀﾞ	3		260	-20.0
ヤレヤレ	┐(´∀｀)┌ﾔﾚﾔﾚ	3		260	-20.0
ヤレヤレ	┐(´д｀)┌ﾔﾚﾔﾚ	3		260	-20.0
ユウレイ	0(:3 )～ _('､3｣ ∠ )_	3		260	-20.0
ユラユラ	₍₍ (◟'ω')◟ ⁾⁾	3		260	-20.0
ユラユラ	₍₍ ◝( ´ω´ )◟ ⁾⁾	3		260	-20.0
ユラユラ	₍₍ ◝( ˘⊖˘)◟ ⁾⁾	3		260	-20.0
ユラユラ	₍₍ ◝('ω'◝) ⁾⁾	3		260	-20.0
ヨウセイ	(・ワ・)	3		260	-20.0
ヨシ	(๑˃̵ᴗ˂̵)و ﾖｼ!	3		260	-20.0
ヨシヨシ	"ﾖｼﾖｼ( ,,´･ω･)ﾉ""(´っω･｀｡)"	3		260	-20.0
ヨッシャ	( ◞‸◟)۶ﾖｯｼｬ!	3		260	-20.0
ヨッシャ	(´◔౪◔)۶ﾖｯｼｬ!	3		260	-20.0
ヨッシャ	٩( ’ω’ )وﾖｯｼｬ!	3		260	-20.0
ヨロシク	( ﾟдﾟ)ﾉ ﾖﾛ	3		260	-20.0
ヨロシク	( ｀・∀・´)ﾉﾖﾛｼｸ	3		260	-20.0
ヨロシク	（　＾ω＾）よろしくだお	3		260	-20.0
ラウ゛ィ	(ﾟ∀ﾟ)ﾗｳﾞｨ!!	3		260	-20.0
リボン	(🎀*'▽'*)	3		260	-20.0
ルン	└( ＾ω＾ )」♪	3		260	-20.0
ルン	♪└( ＾ω＾ )」	3		260	-20.0
ワァー	( :D)┸┓	3		260	-20.0
ワイパー	ヽ( ˘ω˘ )ゝ	3		260	-20.0
ワイロ	( ・∀・)つ品ﾜｲｰﾛ!	3		260	-20.0
ワイワイ	ε( ε*＞ヮ＜)эわいわい	3		260	-20.0
ワクテカ	+（0ﾟ・∀・） + ﾜｸﾃｶ +	3		260	-20.0
ワクワク	（　＾ω＾）ﾜｸﾜｸ	3		260	-20.0
ワクワク	((o(´∀｀)o))ﾜｸﾜｸ	3		260	-20.0
ワクワク	(((o(*ﾟ▽ﾟ*)o)))	3		260	-20.0
ワクワク	((o(＞◡＜*)o))ﾜｸﾜｸ	3		260	-20.0
ワケガワカラナイヨ	／人◕‿‿◕人＼	3		260	-20.0
ワフー	(｡>ω<)ﾉ	3		260	-20.0
ワフー	(>ω<)	3		260	-20.0
ワフー	(≧▽≦)	3		260	-20.0
ワフー	(♡ >ω< ♡)	3		260	-20.0
ワンワン	U｡･ｪ･｡U	3		260	-20.0
ワーイ	(∩´∀｀)∩ﾜｰｲ	3		260	-20.0
ワーイ	(∩*´ω｀)∩	3		260	-20.0
ワーイ	(ﾉ≧▽≦)ﾉ	3		260	-20.0
ワーイ	∩('ω'*)∩	3		260	-20.0
ワーイ	∩(＊＞◡＜)∩	3		260	-20.0
ワーイ	∩(´∀｀)∩ﾜｧｲ♪	3		260	-20.0
ワーイ	∩(＞◡＜*)∩	3		260	-20.0
ワーイ	ヾ( ･∀･)ﾉ	3		260	-20.0
ワーイ	"ヾ(*＞ヮ＜)ﾉ"""	3		260	-20.0
ワーイ	"ヾ(＞ヮ＜)ノ"""	3		260	-20.0
ワーイ	ヽ(＞ヮ＜✿)ノ=3=3	3		260	-20.0
ワーイ	ヾ(⌒(ﾉ'ω')ﾉ	3		260	-20.0
ワーイ	"ヾ(๑>◡<)ﾉ"""	3		260	-20.0
ワーイ	ヾ(o´∀｀o)ﾉ	3		260	-20.0
ワーイ	丶(＞Δ＜)ノ	3		260	-20.0
ワーニング	◤◢◤◢◤◢◤◢WARNING◤◢◤◢◤◢◤◢	3		260	-20.0
ンヒィ	∩(´・ヮ・`)∩ﾝﾋｨ	3		260	-20.0
アウ	⊂ミ⊃＾ω＾ ）⊃　ｱｳｱｳ!!	3		260	-20.0
アウ	(_Д_)ｱｳｱｳｱｰ	3		260	-20.0
アウ	(^p^)あうあうあー	3		260	-20.0
アオリ	☝( ◠‿◠ )☝	3		260	-20.0
アオリ	(੭ु˙꒳​˙)੭ु⁾⁾	3		260	-20.0
アオリ	(੭ु *´꒳`*)੭ु⁾⁾	3		260	-20.0
アオリ	"""( ´ﾟ,_」ﾟ)ﾋｯｼﾀﾞﾅ"""	3		260	-20.0
アキタ	(　ﾟдﾟ)ｱｷﾀﾖ…	3		260	-20.0
アキラメ	∩(´･ω･`)つ—*'``*:.｡. .｡.:*･゜ﾟ･*　もうどうにでもな〜れ	3		260	-20.0
アゲル	｡⌒ ヽ(´ー｀ )　おまえにもやるよ	3		260	-20.0
アセリ	（；＾ν＾）	3		260	-20.0
アッタカイ	(*´∀｀*)ｱｯﾀｶｰｲ	3		260	-20.0
アッチイケ	ｱｯﾁ(・∀・)ｲｹ!!	3		260	-20.0
アツイ	(；´д｀)ゞ ｱﾁｰ!!	3		260	-20.0
アツイ	(ﾟAﾟ;)ｱﾂｰ	3		260	-20.0
アツイ	ι(´Д｀υ)ｱﾂｨｰ	3		260	-20.0
アトスコシ	ｱﾄﾁｮｯﾄ(　ﾟдﾟ)ﾔﾝ	3		260	-20.0
アハハ	"ｧ '`,､'`,､('∀`) '`,､'`,､"	3		260	-20.0
アヒャ	(ﾟ∀ﾟ)ｱﾋｬ	3		260	-20.0
アヒャ	ﾍ(ﾟ∀ﾟﾍ)ｱﾋｬ	3		260	-20.0
アヒャ	(゜∀。)ﾜﾋｬﾋｬﾋｬﾋｬﾋｬﾋｬ	3		260	-20.0
アヒャ	ｱｯﾋｬｯﾋｬ!ヽ(ﾟ∀ﾟ)ﾉｱｯﾋｬｯﾋｬ!	3		260	-20.0
アブナイ	ｱﾌﾞﾈ━━━━Σ(ﾟдﾟ；)━━━━!!	3		260	-20.0
アマイ	(・∀・)ｱﾏｰ	3		260	-20.0
アラマア	Σ(ﾟДﾟ；)ｱﾗﾏｯ	3		260	-20.0
アラマア	(´・∀・｀ )ｱﾗﾏｧ	3		260	-20.0
アラヤダ	( ﾟДﾟ)ｱﾗｲﾔﾀﾞ!!	3		260	-20.0
アラヤダ	(ﾟДﾟ )ｱﾗﾔﾀﾞ!!	3		260	-20.0
アラヤダ	(゜д゜)＜あらやだ!	3		260	-20.0
アラー	(人´∀｀)．☆．。．:*･ﾟ	3		260	-20.0
アリガトウ	♪♪♪ d(｀Д´)b♪♪♪ｻﾝｷｭｰ	3		260	-20.0
アリガトウ	d(ﾟДﾟ )☆ｽﾍﾟｼｬﾙｻﾝｸｽ☆( ﾟДﾟ)b	3		260	-20.0
アリャ	Σ(ﾟДﾟ υ) ｱﾘｬ	3		260	-20.0
アリャ	ヽ(冫、)ノ ｱﾙｧ!!	3		260	-20.0
アレレ	（・３・）アルェー	3		260	-20.0
アワテル	ｱﾜ((ﾟﾟддﾟﾟ ))ﾜﾜ!!	3		260	-20.0
アワテル	ｱﾜﾜ ヽ(´Д｀;≡;´Д｀)丿 ｱﾜﾜ	3		260	-20.0
アンタモナ	(　＾×＾)ｱﾝﾀﾓﾈｰ	3		260	-20.0
イ	（・∀・）ｲｲﾖｲｲﾖｰ	3		260	-20.0
イイ	(・∀・)ｲｲ!!	3		260	-20.0
イイ	(　・∀・)ｲｲ!!	3		260	-20.0
イイ	(・∀・)ｲｲｺﾄｲｯﾀ!!	3		260	-20.0
イイ	(　；∀；) ｲｲﾊﾅｼﾀﾞﾅｰ	3		260	-20.0
イイ	(ﾟзﾟ)ｲｲﾝﾃﾞﾈｰﾉ?	3		260	-20.0
イイ	(・A・)ｲｸﾅｲ!!	3		260	-20.0
イイ	ｲｲ(・∀・Ａ・)ｸﾅｲ!	3		260	-20.0
イイ	ｲｸﾅ--(ﾟ∀ﾟ)-( ﾟ∀)-(  ﾟ)-(  )-(  )-(ﾟ  )-(Aﾟ )-(ﾟAﾟ)--ｲ!!!!	3		260	-20.0
イインジャナイ	（　｀ー´）いいんじゃネーノ？	3		260	-20.0
イエイ	＼＼\\ ٩( 'ω' )و //／／	3		260	-20.0
イエイ	٩(ˊᗜˋ*)و	3		260	-20.0
イエイ	ˉ̞̭( ›◡ु‹ )˄̻̊-☆	3		260	-20.0
イエイ	٩( 'ω' )و	3		260	-20.0
イエイ	✌('ω'✌ )三✌('ω')✌三( ✌'ω')✌	3		260	-20.0
イエイ	ヽ(*･ω･)ﾉ 	3		260	-20.0
イエイ	♪⁽⁽٩( ᐖ )۶⁾⁾ ₍₍٩( ᐛ )۶₎₎♪	3		260	-20.0
イエイ	(ﾟ∀ﾟ)	3		260	-20.0
イエイ	(´∀｀)	3		260	-20.0
イエイ	\(　˙-˙　)/	3		260	-20.0
イエイ	(*ﾟ∀ﾟ)	3		260	-20.0
イエイ	✩°｡⋆⸜(* ॑꒳ ॑*  )⸝	3		260	-20.0
イエエ	ε≡≡ﾍ( ´Д`)ﾉ	3		260	-20.0
イエス	( ﾟω^　)b	3		260	-20.0
イエス	(ӧ◡ӧ✿)	3		260	-20.0
イエッサー	∠( ﾟдﾟ)／	3		260	-20.0
イエーイ	"""(ﾉ*>∀<)ﾉ"	3		260	-20.0
イエーイ	є(ฅ˃∇˂ฅ)э	3		260	-20.0
イクゾー	₍₍ ᕕ( ˙꒳​˙)ᕗ⁾⁾	3		260	-20.0
イケ	ｲｯﾃ( ﾟдﾟ)(ﾟдﾟ )ﾖｼ	3		260	-20.0
イケ	( ﾟДﾟ)ｲｯﾃﾖｽｨ	3		260	-20.0
イタイ	Σ(ﾟДﾟ υ) ｲﾀ!!	3		260	-20.0
イタイ	ｲﾀ━━━━(ﾟ∀ﾟ)━━━━!!	3		260	-20.0
イタイ	(；´∀｀)…痛いなぁ…	3		260	-20.0
イタバサミ	┝・∀・┥	3		260	-20.0
イッテキマス	ε=ε=ヽ( ﾟДﾟ)ﾉ 逝ｯﾃｷﾏｰｽ	3		260	-20.0
イッテキマス	ε=ε=ε=ヾ(´∀｀*)ﾉ ｲｯﾃｷﾏｰｽ	3		260	-20.0
イッテキマス	∧||∧ 逝ｯﾃｸﾙ…	3		260	-20.0
イッテラ	ヾ( ﾟДﾟ)ﾉ゛逝ｯﾃﾗｯｼｬｰｲ	3		260	-20.0
イッテラ	┌( ﾟДﾟ)ﾉ ｲｯﾃﾗｰ	3		260	-20.0
イッテラ	ｲｯﾃﾗ━━━━━━ヽ(´∀｀ヽ)━━━━━━ﾝ!!!!	3		260	-20.0
イナイ	ｲﾈ━━━━(ﾟдﾟ；)━━━━!!	3		260	-20.0
イヌ	✧⑇⁺∖⑊ ₊꒲ॄ⁎˒ुধৃʿ *ू꒱⁺ ⁄∥₊⑇✧わんわん	3		260	-20.0
イヒ	"(　´,_ゝ`)ｲﾋ"	3		260	-20.0
イヤシ	*.(๓´͈ ˘ `͈๓).*	3		260	-20.0
イヤダ	(´・д・`)ﾔﾅﾉｰ	3		260	-20.0
イヤナヨカン	(ﾟ∀ﾟ)神のﾖｶｰﾝ	3		260	-20.0
イヨッ	( ノﾟДﾟ)ﾖｯ!	3		260	-20.0
イラッ	( ﹡･ᴗ･ )	3		260	-20.0
イラッシャイ	(　´∀｀)ゞ ｲﾗｯｼｬｰｲ	3		260	-20.0
イラネ	(ﾟ㊖ﾟ)ｲﾗﾈ	3		260	-20.0
イラネ	(｡A｡)⌒Y⌒ ヾ(　´_ゝ｀) ｲﾗﾈ	3		260	-20.0
イル	(ﾟжﾟ)ｲﾙﾈ	3		260	-20.0
ウ、ウン	( ´◔ ‸◔`)	3		260	-20.0
ウ、ウン	(；´∀｀)	3		260	-20.0
ウイルス	(・∀・)ｩｨﾙｽｰ!!	3		260	-20.0
ウインク	(｡σω-｡).◦*	3		260	-20.0
ウウウ	つД｀)･ﾟ･｡･ﾟﾟ･*:.｡..｡.:*･ﾟ	3		260	-20.0
ウエーン	(´Д⊂ヽｳｪｪｪﾝ	3		260	-20.0
ウエーン	･ﾟ･(つД｀)･ﾟ･ ｳｪ—ﾝ	3		260	-20.0
ウギャア	(　´)Д(｀)	3		260	-20.0
ウザイ	ｲﾜｾﾝﾅ(*^Д^*)ﾊｽﾞｶｼｲ	3		260	-20.0
ウザイ	（；＾ω＾）ｳｻﾞｯ	3		260	-20.0
ウザイ	ｳｻﾞ—(ﾟДﾟ)—ｯ!!	3		260	-20.0
ウザイ	ｳｻﾞ━━━(´∀｀；)━━━!!!!	3		260	-20.0
ウザイ	(ﾟДﾟ)ｳｾﾞｪｪｪ	3		260	-20.0
ウザイ	(`皿´)ｳｾﾞｰ	3		260	-20.0
ウザイ	(　´Α｀)ｳｾﾞｰ	3		260	-20.0
ウザイ	((´^ω^))	3		260	-20.0
ウザイ	(σ'д｀)ｱｯｶﾝﾍﾞｰ	3		260	-20.0
ウザイ	(ﾟ∞ﾟ)ﾍﾟｰﾁｭﾝﾁｭﾝ	3		260	-20.0
ウザイ	Σ(ﾉ∀`)ﾍﾟｼｯ	3		260	-20.0
ウザイ	((('ω')))	3		260	-20.0
ウザイ	(=^-ω-^)｡ｏ	3		260	-20.0
ウシシ	( *´艸｀)	3		260	-20.0
ウソ	ｳｿｫ━━━Σ(дﾟ|||ﾉ)ﾉ━━━ﾝ!?	3		260	-20.0
ウットリ	･:*:･(*´∀｀*)ｳｯﾄﾘ･:*:･	3		260	-20.0
ウハウハ	"((´^ω^))ｩ,､ｩ,､"	3		260	-20.0
ウヒャー	ｳﾋｬ━━━━━━ヽ(ﾟДﾟ)ﾉ━━━━━━!!!!	3		260	-20.0
ウヒョー	( ﾟДﾟ)ｳﾋｮｰ	3		260	-20.0
ウフフ	(´∀｀*)ｳﾌﾌ	3		260	-20.0
ウレシイ	ฅ(๑*д*๑)ฅ	3		260	-20.0
ウレシイ	"∩(,,Ò‿Ó,,)∩"	3		260	-20.0
ウレシイ	(｡╹ω╹｡)	3		260	-20.0
ウレシイ	(*´╰╯`๓)♬	3		260	-20.0
ウレシイ	꒰*⑅´•͈⌔•͈`⑅*꒱	3		260	-20.0
ウレシイ	*･゜ﾟ･*:.｡..｡.:*･'(*ﾟ▽ﾟ*)'･*:.｡. .｡.:*･゜ﾟ･*	3		260	-20.0
ウレシイ	°˖✧◝(*⁰▿⁰*)◜✧˖°	3		260	-20.0
ウレシイ	･:*+.\(( °∀° ))ﾉ.:+ﾊﾟｧｧ	3		260	-20.0
ウレシイ	٩꒰৹৺৹ઌ꒱	3		260	-20.0
ウレシイ	( ⁎❜⃘⃘◡ु❜⃘⃘⁎ )	3		260	-20.0
ウレシイ	ヾ(＠⌒ー⌒＠)ﾉ	3		260	-20.0
ウレシイ	(((o(*ﾟ▽ﾟ*)o)))	3		260	-20.0
ウレシイ	٩(●˙▿˙●)۶	3		260	-20.0
ウレシイ	ヽ(;´Д｀)ﾉ ﾗﾝﾀ ﾀﾝﾀﾝ♪	3		260	-20.0
ウレシイ	₍˄·͈ᴗ·͈˄*₎◞	3		260	-20.0
ウレシイ	(▰╹◡╹▰)	3		260	-20.0
ウレシイ	(｡･ω･｡)	3		260	-20.0
ウレシイ	(･ω･)	3		260	-20.0
ウレシイ	ヾ(*´∀｀*)ﾉｷｬｯｷｬ	3		260	-20.0
ウレシイ	ヽ(・∀・ )ﾉ ｷｬｯ ｷｬｯ	3		260	-20.0
ウレシイ	ヽ(*´∀｀)ノ ｷｬｯﾎｰｲ!!	3		260	-20.0
ウレシイ	"ミ,,・∀・,ﾐ"	3		260	-20.0
ウレシイ	(*´∀｀)	3		260	-20.0
ウレシイ	(*´Д｀)	3		260	-20.0
ウレシイ	(ﾉ´∀｀*)	3		260	-20.0
ウレシイ	(*´∀｀*)	3		260	-20.0
ウレシイ	(*´ω｀*)	3		260	-20.0
ウレシイ	／´∀｀;::::＼	3		260	-20.0
ウレシイ	ヽ(´ー｀)ノ	3		260	-20.0
ウレシイ	( ･`д･´)	3		260	-20.0
ウレシイ	( ･´ー･`)	3		260	-20.0
ウレシイ	 ♪(✿╹ヮ╹)ﾉ	3		260	-20.0
ウレシイ	(*'ω'*)	3		260	-20.0
ウレシイ	(=^ ･ω･)	3		260	-20.0
ウワー	▂▅▇█▓▒░(’ω’)░▒▓█▇▅▂うわあああああああ	3		260	-20.0
ウン	(´･◡･｀)	3		260	-20.0
ウン	(✩´•௰•`✩)	3		260	-20.0
ウン	(′꒫‵｡)	3		260	-20.0
ウン	( ◠‿◠ )	3		260	-20.0
ウン	（ ◠‿◠ ）	3		260	-20.0
ウン	(；・∀・)	3		260	-20.0
ウン	(　ﾟдﾟ)ｳﾑ	3		260	-20.0
ウン	(；´∀｀)…	3		260	-20.0
ウン	（ ﾟωﾟ ）	3		260	-20.0
ウン	（´<_｀　）	3		260	-20.0
ウン	(・∀・)	3		260	-20.0
ウン	（＾ω＾）	3		260	-20.0
ウン	(._.)	3		260	-20.0
ウン	(　‘∀‘)	3		260	-20.0
ウン	(ヽ´ω`)	3		260	-20.0
ウン	(*ﾟーﾟ)	3		260	-20.0
ウン	（ﾟ<_､ﾟ ξ	3		260	-20.0
ウン	(*‘ω‘ *)	3		260	-20.0
ウン	('∀`)	3		260	-20.0
ウン	<丶・∀・>	3		260	-20.0
ウン	（´ω｀）	3		260	-20.0
ウン	（　＾ω＾）	3		260	-20.0
ウン	（・３・）	3		260	-20.0
ウン	( ´∀｀)	3		260	-20.0
ウン	（ ・∀・）	3		260	-20.0
ウン	 ₍₍ (ง ˘ω˘ )ว ⁾⁾	3		260	-20.0
ウン	('ω'◎)	3		260	-20.0
ウン	('ω'乂)	3		260	-20.0
ウンウン	₍₍ (ง ˘ω˘ )ว ⁾⁾	3		260	-20.0
ウンウン	(✿ฺ-ω-)ｩﾝｩﾝ	3		260	-20.0
ウン？	（；^ω^）	3		260	-20.0
ウーン	(٥﹏٥` )	3		260	-20.0
ウーン	(๑╹ᆺ╹)	3		260	-20.0
エエ	(´д｀)	3		260	-20.0
エエ	"(,,・Д・)"	3		260	-20.0
エエ	[ﾟдﾟ]	3		260	-20.0
エエジャナイカ	ヽ(ﾟдﾟ)ノ　ええじゃないか	3		260	-20.0
エエッ	(　 Д )　ﾟ　ﾟ	3		260	-20.0
エエー	(´・ω・`)(´・ω・`)	3		260	-20.0
エグイ	（　´ー｀）＜ ｴｸﾞいな	3		260	-20.0
エッ	（；ﾟ Дﾟ） …！？	3		260	-20.0
エット	（；^ω^）	3		260	-20.0
エヘ	(*´д｀*)ｱﾊｧ	3		260	-20.0
エヘヘ	(*´＿｀*)ｪﾍﾍ	3		260	-20.0
エヘヘ	꒰๑•‧̮ૣ•ૣ๑꒱*･.｡✩	3		260	-20.0
エヘン	( ᵕᴗᵕ )✩⡱	3		260	-20.0
エライ	（ ﾟÅﾟ） ＜ ｴﾗいな	3		260	-20.0
エー	(；´Д｀)	3		260	-20.0
エー	(・´з`・)	3		260	-20.0
エー	<丶´Д｀>	3		260	-20.0
エー	( っ'ω'c)	3		260	-20.0
エール	✲ﾟ｡.(੭ु๑•ૅω•´)੭ु⁾⁾.｡₀:*ﾟ✲ﾟ*:₀｡	3		260	-20.0
エーン	: ･*･･*･:≡=͟͟͞͞( ε:))˃̣̣̥᷄⌓˂̣̣̥᷅ )	3		260	-20.0
エーン	( ˃ ⌑ ˂ഃ )	3		260	-20.0
エーン	(´⚲_⚲`)	3		260	-20.0
エーン	๐·°(৹˃̵﹏˂̵৹)°·๐	3		260	-20.0
オイ	（#^ω^）	3		260	-20.0
オイ	ヾ(ﾟДﾟ )ｫｨｫｨ	3		260	-20.0
オイシイ	(ﾟдﾟ)ｳﾏｰ	3		260	-20.0
オイシイ	(ﾟдﾟ)ｳ-(ﾟДﾟ)ﾏｰ(ﾟAﾟ)ｲ-…ヽ(ﾟ∀ﾟ)ﾉ…ｿﾞｫｫｫｫｫ!!!!	3		260	-20.0
オイシイ	(ﾟ∀ﾟ)ｳﾏｳﾏ	3		260	-20.0
オイデ	(੭ु･ω･)੭ु⁾⁾	3		260	-20.0
オウエン	(੭•̀ᴗ•̀)੭	3		260	-20.0
オウエン	٩( 'ω' )۶	3		260	-20.0
オウエン	＼\٩( 'ω' )و /／	3		260	-20.0
オウエン	୧(`•ω•´)୨⚑゛	3		260	-20.0
オウエン	( •̀∀•́ )	3		260	-20.0
オウエン	«٩(*´ ꒳ `*)۶»	3		260	-20.0
オウエン	ヽ^ｼ>ω<)ﾉｼ♡	3		260	-20.0
オエエ	(´ж｀;)ｫ･･ｫｪｯ･･･	3		260	-20.0
オエエ	ｵｴ━━━━━━(´Д｀|||)━━━━━━!!!!	3		260	-20.0
オギャ	(^q^)おぎゃ	3		260	-20.0
オコッタ	(｀・д・´)ﾓｳｵｺｯﾀ	3		260	-20.0
オコリ	(　‘ᾥ’　)	3		260	-20.0
オコリ	(ृ 　 ु *`ω´*)ु ｶﾞﾙﾙﾙ	3		260	-20.0
オコリ	٩(๑`^´๑)۶	3		260	-20.0
オコリ	:(；ﾞﾟ'ωﾟ'):	3		260	-20.0
オコリ	(； ･`д･´)	3		260	-20.0
オコリ	(#ﾟДﾟ)y-~~ｲﾗｲﾗ	3		260	-20.0
オコリ	ｳｰ c(｀Д´ｃ)	3		260	-20.0
オコリ	ヽ(`Д´)ﾉｳﾙｻｲｿﾞ!	3		260	-20.0
オコリ	q(ﾟдﾟ )ｳﾙｾｪ	3		260	-20.0
オコリ	ｳﾙｾｰ!!(((((;｀Д´)≡⊃)｀Д)､;'.･	3		260	-20.0
オコリ	(　ﾟ皿ﾟ)ｷｰｯ!!	3		260	-20.0
オコリ	(　｀ハ´)	3		260	-20.0
オコリ	<丶｀∀´>	3		260	-20.0
オコリ	<丶｀Д´>	3		260	-20.0
オコリ	<＃｀Д´>	3		260	-20.0
オコリ	( ;ﾟ皿ﾟ)ﾉｼΣﾊﾞﾝﾊﾞﾝ!!	3		260	-20.0
オコリ	(ﾒﾟ皿ﾟ)ﾌﾝｶﾞｰ	3		260	-20.0
オコリ	ｱｧ?( ´Д｀)σ)Д`)ｧｩｧｩ	3		260	-20.0
オサゲ	⌒ﾟ( ´∀`)ﾟ⌒ｵｻｹﾞ	3		260	-20.0
オソイ	ｵｾｪﾖ(　ﾟдﾟ)､ﾍﾟｯ	3		260	-20.0
オッ	!(^^)!	3		260	-20.0
オッケー	（ゝω・）v	3		260	-20.0
オッケー	(　ﾟДﾟ)ｳﾞｫｹ!!	3		260	-20.0
オッフ	オッフェ(=ﾟωﾟ)ﾉ	3		260	-20.0
オツカレ	(_´Д｀)ﾉ~~ｵﾂｶﾚｰ	3		260	-20.0
オツカレ	ｵﾂｶﾚﾁｬ━━━━(　´∀｀)━━━━ﾝ!!!!	3		260	-20.0
オテアゲ	∩(・∀・)∩　ﾓｳ ｵﾃｱｹﾞﾀﾞﾈ	3		260	-20.0
オドリ	⁽⁽ ◝(´ᐜ `＊)◜ ⁾⁾	3		260	-20.0
オドリ	(੭ु ˃̶͈̀ ω ˂̶͈́)੭ु⁾⁾	3		260	-20.0
オドロカス	∩ ╹◡╹)∩ﾜｯ	3		260	-20.0
オドロキ	꒰꒪꒫꒪⌯꒱	3		260	-20.0
オドロキ	∩(๑°ㅁ°๑)∩	3		260	-20.0
オドロキ	！(◎_◎;)	3		260	-20.0
オドロキ	( ；´Д｀)いやぁぁぁぁぁー!	3		260	-20.0
オドロキ	(*´д｀*)ｲﾔｧ-ﾝ!!	3		260	-20.0
オドロキ	Σ(ﾟДﾟ)	3		260	-20.0
オドロキ	Σ(´Д｀ )ｳｵｯ	3		260	-20.0
オドロキ	Σヽ(｀д´；)ﾉ うおおおお！	3		260	-20.0
オドロキ	(>'A`)>ｳﾜｧｧ!!	3		260	-20.0
オドロキ	"（､_'' (o)_: ( [三] ) _(o)`_, :::）　うわぁぁぁああ！！"	3		260	-20.0
オドロキ	ヽ(`Д´)ﾉｳﾜｧｧｧﾝ!!	3		260	-20.0
オドロキ	εε=ヽ(　`Д´)ﾉ ｳﾜｧｧｧﾝ	3		260	-20.0
オドロキ	ｳﾜｧｧｧｧｧｧヽ(`Д´)ﾉｧｧｧｧｧｧﾝ!	3		260	-20.0
オドロキ	Σ(ﾟдﾟ) ｴｯ!? ｵﾖﾋﾞﾃﾞﾅｲ!?	3		260	-20.0
オドロキ	(ﾟДﾟ)	3		260	-20.0
オドロキ	( ﾟдﾟ )	3		260	-20.0
オドロキ	(･o･)	3		260	-20.0
オドロキ	Σ(ﾟ∀ﾟﾉ)ﾉｷｬｰ	3		260	-20.0
オドロキ	ｷｬ━━━━(ﾟ∀ﾟ)━━━━!!	3		260	-20.0
オドロキ	Σ(ﾟДﾟ；)ｷﾞｸｯ	3		260	-20.0
オドロキ	ｷﾞｸ━━━━━━(ﾟAﾟ;)━━━━━ｯ!!!!	3		260	-20.0
オドロキ	"(,,ﾟДﾟ)"	3		260	-20.0
オドロキ	((=ﾟДﾟ=)	3		260	-20.0
オドロキ	Σ(　ﾟ∀)ｹﾞｯ!!	3		260	-20.0
オドロキ	Σ(・∀・|||)ｹﾞｯ!!	3		260	-20.0
オドロキ	Σ(´∀｀||;)ﾄﾞｷｯ!!	3		260	-20.0
オドロキ	(ﾟдﾟ)！	3		260	-20.0
オドロキ	Σ(´∀｀；)	3		260	-20.0
オドロキ	(ﾟдﾟ)	3		260	-20.0
オナカイッパイ	(　´З｀)＝３ ｹﾞｯﾌﾟ	3		260	-20.0
オバケ	ｵﾊﾞｹｪ〜ﾍ(ﾟдﾟﾍ))))))〜	3		260	-20.0
オフトン	(:3ꇤ[▓▓]	3		260	-20.0
オマエモ	(　‘∀‘)ｵﾏｴｶﾞﾅｰ	3		260	-20.0
オマエモ	(　´∀｀)ｵﾏｴﾓﾅｰ	3		260	-20.0
オマエモ	オマエモナー(=ﾟωﾟ)つ)ﾟ∀ﾟ)ｸﾞｧ	3		260	-20.0
オモシロ	（　0ｗ0）	3		260	-20.0
オモシロイ	(੭ु>▿<)੭ु⁾⁾	3		260	-20.0
オモシロイ	（　^ω^）おもすれー	3		260	-20.0
オモシロイ	(^Д^)ｷﾞｬﾊ	3		260	-20.0
オモシロイ	｡ﾟ(ﾟ^Д^ﾟ)ﾟ｡ｷﾞｬﾊﾊ八八ﾉヽﾉヽﾉヽﾉ ＼ / ＼/ ＼	3		260	-20.0
オモシロイ	｡ﾟ(ﾟ^∀^ﾟ)ﾟ｡ｷﾞｬｰﾊｯﾊｯﾊｯﾊｯﾊｯﾊﾊｯﾊｯﾊｯﾊｯﾊｯﾊ !!	3		260	-20.0
オモシロイ	(´∇｀)ｹｯｻｸ	3		260	-20.0
オモシロイ	((´∀｀))ｹﾗｹﾗ	3		260	-20.0
オモシロイ	(　＾∀＾)ｹﾞﾗｹﾞﾗ	3		260	-20.0
オモシロイ	(㊥´ｗ｀)	3		260	-20.0
オモー	( ＞Д＜；)ｵﾓｰ	3		260	-20.0
オラ	( ﾟДﾟ)ｵﾗ	3		260	-20.0
オラッ	(´Д⊂ヽ	3		260	-20.0
オレモ	(＾∀＾ヾ|ｵﾚﾓﾅｰ	3		260	-20.0
オワッタ	░▒▓▇▅▂＼(’ω’)／▂▅▇▓▒░	3		260	-20.0
オワッタ	／(^o^)＼	3		260	-20.0
オー	ｫｵｰ!!(ﾟдﾟ屮)屮	3		260	-20.0
オー	ｫォｵオー!!ヽ(ﾟдﾟヽ)(ﾉﾟдﾟ)ﾉ オｵォｫー!!	3		260	-20.0
オーイ	( ｣ﾟДﾟ)｣ｵｰｲ!	3		260	-20.0
オーイ	L(・∀・ L) ｵｰｲ　　(」・∀・)」 ｵｰｲ	3		260	-20.0
カエレ	ヽ( ・∀・)ﾉ┌┛Σ(ノ `Д´)ノ	3		260	-20.0
カエレ	Σ(ﾟ∀´(┗┐ヽ(・∀・ )ﾉ	3		260	-20.0
カオモジラッシュ	( ´∀`)ﾟДﾟ)・∀・)ﾟ∀ﾟ)・ω・)´_ゝ`)｀∀´>￣ー￣)*ﾟーﾟ)-＿-)ﾟ∋ﾟ)=ﾟωﾟ)	3		260	-20.0
カキカキ	(　'A`)φ	3		260	-20.0
カケゴエ	<丶｀Д´>ｱｲｺﾞｰ	3		260	-20.0
カケゴエ	(｀ハ´)ｱｲﾔｰ	3		260	-20.0
カサカサ	癶(癶;ﾟёﾟ;)癶 ｶｻｶｻ	3		260	-20.0
カゼ	(||´Д｀)ｏ=3=3=3 ｺﾞﾎｺﾞﾎ	3		260	-20.0
カッコイイ	ｶｺ(・∀・)ｲｲ!!	3		260	-20.0
カナシイ	( ˃̣̣̥᷄⌓˂̣̣̥᷅)	3		260	-20.0
カナシイ	(੭ु ˃̣̣̥᷄⌓˂̣̣̥᷅ )੭ु⁾⁾	3		260	-20.0
カナシイ	(｡´╹A╹｀｡)	3		260	-20.0
カナシイ	˚‧º·(˚ ˃̣̣̥᷄⌓˂̣̣̥᷅ )‧º·˚	3		260	-20.0
カナシイ	（◞‸◟）	3		260	-20.0
カナシイ	꒰ˊ• ·̭ •̥ ꒱	3		260	-20.0
カナシイ	｡ﾟ(´っωｃ`)ﾟ｡ふぇぇん ｡ﾟ(´っωｃ`)ﾟ｡ひどいようぐすんぐすん (っ･ωｃ) ﾁﾗｯ ｡ﾟ (´っωｃ`	3		260	-20.0
カナシイ	(´ぅω ;｀)	3		260	-20.0
カナシイ	。゜(゜´ω`゜)゜。	3		260	-20.0
カナシイ	✌( ◞‸◟)✌	3		260	-20.0
カナシイ	( •́‧̫ •̀	3		260	-20.0
カナシイ	;;(∩´﹏`∩);;	3		260	-20.0
カナシイ	∩(´；ヮ；｀)∩ﾝﾋー	3		260	-20.0
カナシイ	…(；´Д｀)ｳｳｯ…	3		260	-20.0
カナシイ	ｳﾜｧｧ-----｡ﾟ(ﾟ´Д｀ﾟ)ﾟ｡-----ﾝ!!!!	3		260	-20.0
カナシイ	〣( ºΔº )〣	3		260	-20.0
カナシイ	(ﾉД`)ｼｸｼｸ	3		260	-20.0
カナシイ	.˚‧º·(°இωஇ°)‧º·˚.	3		260	-20.0
カナシイ	(*꒦ິ⌓꒦ີ)	3		260	-20.0
カナシイ	.˚‧º·(°இДஇ°)‧º·˚.	3		260	-20.0
カナシイ	.˚‧º·(ฅдฅ｡)‧º·˚.	3		260	-20.0
カナシイ	( ´༎ຶㅂ༎ຶ`)゛	3		260	-20.0
カナシイ	(´｡･ω･｡｀)	3		260	-20.0
カナシイ	。ﾟﾟ(つД≦｡)°ﾟ｡ 	3		260	-20.0
カナシイ	｡ﾟ(´つω･`｡)ﾟ｡ 	3		260	-20.0
カナシイ	｡ﾟ(ﾟ´ω`ﾟ)ﾟ｡	3		260	-20.0
カナシイ	｡ﾟ(ﾟ∩´～`∩ﾟ)ﾟ｡	3		260	-20.0
カユイ	(δ´ω｀)ｶﾕｲ	3		260	-20.0
カルシウム	(　 ﾟДﾟ)⊃⌒>゜)))彡 ｶﾙｼｳﾑとれやﾌｫﾙｧ!!	3		260	-20.0
カワイソウ	(´・ω・)ｶﾜｲｿｽ	3		260	-20.0
カンガエ	( ˘•ω•˘ ).｡oஇ	3		260	-20.0
カンゲイ	╰(^^)╯	3		260	-20.0
カンサツ	|дﾟ)ｶﾝｻﾂ	3		260	-20.0
カンドー	(　；∀；) ｶﾝﾄﾞｰｼﾀ	3		260	-20.0
ガイシュツ	( 》 ﾟДﾟ)ｶﾞｲｼｭﾂです	3		260	-20.0
ガタガタ	ﾋｨｰ(((ﾟДﾟ)))ｶﾞﾀｶﾞﾀ	3		260	-20.0
ガンバル	"୧(๑•̀⌄•́๑)૭"""	3		260	-20.0
ガンバル	٩(˙▿︎˙)۶	3		260	-20.0
ガンバル	٩( •̀ω•́ )ﻭ	3		260	-20.0
ガンバル	ヾ(OᴗOゞ	3		260	-20.0
ガンバル	(๑ÒωÓ๑)	3		260	-20.0
ガンバレ	(⁎˃ ▵˂⁎)੭₎₎	3		260	-20.0
ガンバレ	ｶﾞﾝ(　ﾟдﾟ)ｶﾞﾚ	3		260	-20.0
ガンバレ	"(,,ﾟДﾟ) ｶﾞﾝｶﾞﾚ!"	3		260	-20.0
ガンバレ	(๑•̀ㅂ•́)و	3		260	-20.0
ガンバレ	(๑و•̀ω•́)و	3		260	-20.0
ガンバレ	(๑و˃ω˂)و	3		260	-20.0
ガンバレ	＼\(۶•̀ᴗ•́)۶//／／	3		260	-20.0
ガンバレ	(○`･v･).+	3		260	-20.0
ガーン	 (◞‸◟)	3		260	-20.0
キス	(´∀｀*)ε｀　)ﾁｭｯ	3		260	-20.0
キタナイ	ミ´ー｀彡ｷﾀﾈｰﾖ	3		260	-20.0
キター	ｷﾀﾜｧ*･゜ﾟ･*:.｡..｡.:*･゜(n‘∀‘)ηﾟ･*:.｡. .｡.:*･゜ﾟ･*!!!!	3		260	-20.0
キター	ｷﾀﾜｧ━━━━━━(n‘∀‘)η━━━━━━!!!!	3		260	-20.0
キター	ｷﾃﾀ━━━━(ﾟ∀ﾟ)━━━━!!!!	3		260	-20.0
キター	ｷ━(ﾟ∀ﾟ)━( ﾟ∀)━( ﾟ)━( )━(｀ )━(Д｀ )━⊃Д｀)━ﾃﾅｲ	3		260	-20.0
キニシナイ	(ﾟεﾟ)ｷﾆｼﾅｲ!!	3		260	-20.0
キモイ	(；^Д^)ｷﾒｪ	3		260	-20.0
キモイ	(　´Д｀)ｷﾓｯ	3		260	-20.0
キモイ	ｷﾓ━━━( ´;ﾟ;ё;ﾟ;)━━━!!!!	3		260	-20.0
キモチワルイ	(;´Д`)ｹﾞﾛｹﾞﾛ	3		260	-20.0
キャー	(⊛╹〰╹⊛)	3		260	-20.0
キャー	(♡ >ω< ♡)	3		260	-20.0
キョウキ	ｷｴｴｴｴｴｴ!!三┗(՞ةڼ◔)┓	3		260	-20.0
キョウキ	✌(´◓ｑ◔｀)✌	3		260	-20.0
キョウキ	✌(๑ᕦڡᕤ๑)✌	3		260	-20.0
キョウキ	 (゜∀。)ﾜﾋｬﾋｬﾋｬﾋｬﾋｬﾋｬ	3		260	-20.0
キョウキ	٩( ᐛ )و	3		260	-20.0
キラキラ	(๑✧∀✧๑)	3		260	-20.0
キラッ	(⌯¤̴̶̷̀ω¤̴̶̷́)✧	3		260	-20.0
キラッ	ヽ(ﾟ∀ﾟ)ﾉ ﾊﾟｯ☆	3		260	-20.0
キラリ	(☆｡☆)	3		260	-20.0
キラリ	(￣ー+￣)ｷﾗﾘ	3		260	-20.0
キラリ	( ｰ`дｰ´)ｷﾘｯ	3		260	-20.0
キリッ	(｀・ω・´)	3		260	-20.0
キリッ	(￣・ω・￣)	3		260	-20.0
ギャー	m9<^Д^>ﾆｷﾞｬｰ	3		260	-20.0
クサイ	Σ(ﾟёﾟノ)ﾉ ｸｻｯ!!	3		260	-20.0
クサイ	（ﾟёﾟ）ｸｻｰ	3		260	-20.0
クサイ	ｸｻ━━━━━(｀Д´)━━━━━ｯ!!!	3		260	-20.0
クサイ	(ﾟνﾟ)ｸｾｪ	3		260	-20.0
クソ	(っ’-‘)╮ =͟͟͞͞💩	3		260	-20.0
クダサイ	ヽ(´ー｀)ノｵｸﾚﾖ	3		260	-20.0
クダラナイ	（ ´дゝ`）ｸﾀﾞﾗﾈｰ	3		260	-20.0
クッ	(　ﾟ∀ﾟ)o彡°	3		260	-20.0
クビフル	ﾌﾞﾝ((-ω-｡)(｡-ω-))ﾌﾞﾝ	3		260	-20.0
クマ	ʕ•̫͡•ʔ	3		260	-20.0
クルッ	;y=ｰ( ﾟдﾟ)･∵. ﾀｰﾝ	3		260	-20.0
クルッ	;y=ｰ( ﾟдﾟ)дﾟ)дﾟ)дﾟ)дﾟ)･∵.　ﾀｰﾝ	3		260	-20.0
クレ	(　ﾟдﾟ)ｸﾚ	3		260	-20.0
クレ	(ヽﾟд)ｸﾚ	3		260	-20.0
クレ	ヽ(`Д´)ﾉｸﾚﾖ	3		260	-20.0
クレ	( ﾟдﾟ )ｸﾜｯ!!	3		260	-20.0
クー	( ´曲｀)	3		260	-20.0
グサッ	(つд；*)	3		260	-20.0
グスン	( ᵕ̩̩ㅅᵕ̩̩ )	3		260	-20.0
グッジョブ	ъ(ﾟДﾟ)ｸﾞｯｼﾞｮﾌﾞ!!	3		260	-20.0
グデー	(●´⌓`●)	3		260	-20.0
グハ	(๑╹﹃╹)	3		260	-20.0
グハ	( ´ ཫ ` )	3		260	-20.0
グハッ	( ﾟ∀ﾟ)･∵. ｸﾞﾊｯ!!	3		260	-20.0
グハッ	_(꒪ཀ꒪」∠)_゛	3		260	-20.0
グハッ	_:(´ཀ`」 ∠):_	3		260	-20.0
グフッ	(；ﾞﾟ'ωﾟ'）:ｸﾞﾌｩ-	3		260	-20.0
グフッ	( ﾟДﾟ)･∵. ｸﾞﾌｯ!!	3		260	-20.0
グフフ	(｀ω´)ｸﾞﾌﾌ	3		260	-20.0
グヘヘ	(●՞ةڼ◔●)	3		260	-20.0
グヘヘ	(΄◞ิ౪◟ิ‵)	3		260	-20.0
グヘヘ	✌(՞ةڼ◔)✌	3		260	-20.0
グラッチェ	( ﾟДﾟ)ｸﾞﾗｯﾁｪ	3		260	-20.0
グリグリ	(　‘д‘)つ))｀Д´)ｸﾞﾘｸﾞﾘ	3		260	-20.0
ケケケ	Ψ(｀∀´)Ψｹｹｹ	3		260	-20.0
ケッコン	ｹｺ—('A`)人('A`)—ﾝ	3		260	-20.0
ケッコン	ｹｺ━━━━(・∀・)人(・∀・)━━━━ﾝ	3		260	-20.0
コイヨ	ლ(๑◠﹏◠๑ლ)	3		260	-20.0
コウギ	q( ﾟдﾟ)pﾌﾞｰﾌﾞｰﾌﾞｰ	3		260	-20.0
コウチョク	{´┴｀}	3		260	-20.0
ココハドコ	ここはどこじゃ＞(´ム` )	3		260	-20.0
コッソリ	( ´ﾉД｀)ｺｯｿﾘ	3		260	-20.0
コッソリ	|ﾟДﾟ)))ｺｿｰﾘ!!!!	3		260	-20.0
コッソリ	((((((〜　´∀｀)〜ｺｿｺｿ…	3		260	-20.0
コッチクルナ	(ﾟДﾟ)┌ ﾖﾙﾅ	3		260	-20.0
コトワル	ｵｺﾄﾜﾘ━━━( ﾟωﾟ )━━━!!!!	3		260	-20.0
コトワル	(乂∀・)┌┛)`д)･∵.ｺﾄﾜﾙ!	3		260	-20.0
コナイ	ｺﾈ━━━━(ﾟдﾟ；)━━━━!!	3		260	-20.0
コナイ	ｺﾈ━━━━━('A`)━━━━━!!	3		260	-20.0
コノヤロ	ｺﾉｺﾉ( ´∀｀)σ)ﾟДﾟ;)	3		260	-20.0
コノヤロ	(´・ω・)９　このやろう	3		260	-20.0
コマリ	｡ﾟ(ﾟ∩´﹏`∩ﾟ)ﾟ｡	3		260	-20.0
コマリ	(๑´╹‸╹`๑)	3		260	-20.0
コマリ	ヾ(｡>﹏<｡)ﾉﾞ	3		260	-20.0
コマル	(｡•́︿•̀｡)	3		260	-20.0
コマル	(｡＞﹏＜)	3		260	-20.0
コラ	コラコラコラコラ〜ッ！(`o´)	3		260	-20.0
コラ	(｀・д・´)ｺﾗ､ﾔﾒﾀﾏｴ!!	3		260	-20.0
コラ	《ﾟДﾟ》ｺﾞﾗｧｧｧｧｧｧｧｧｧｧｧｧｱ!!	3		260	-20.0
コラ	(ﾟДﾟ)ｺﾞﾙｧ!!	3		260	-20.0
コラ	(#ﾟДﾟ)ｺﾞﾙｧ!!	3		260	-20.0
コラ	ｺﾞ━━━━(# ﾟДﾟ)━━━━ﾙｧ!!	3		260	-20.0
コワイ	ｺｯ､ｺﾜ━━━━━(((( ；ﾟДﾟ))))━━━━━━ｯ!!!	3		260	-20.0
コワイ	ｶﾞｸｶﾞｸ((（n;‘Д‘))ηﾅﾝﾀﾞｶｺﾜｲﾜｧ	3		260	-20.0
コワレタ	㊥(・∀・) ｺﾜﾚﾀ !!	3		260	-20.0
コンニチハ	٩꒰๑❛▿❛  ॢ̩꒱	3		260	-20.0
コンニチハ	(ฅ'ω'ฅ)♪こにゃにゃちは～	3		260	-20.0
コンニチハ	( ノﾟДﾟ)こんにちは	3		260	-20.0
コンニチハ	ヽ('ω')ﾉ	3		260	-20.0
コンニチハ	ヽ(*＾ω＾*)ﾉ	3		260	-20.0
コンバンハ	( ノﾟДﾟ)こんばんは	3		260	-20.0
コンワク	(;´◔‸◔`)…ﾅﾝﾀﾞｺｲﾂ！	3		260	-20.0
コンワク	(๑⃙⃘’﹏’๑⃙⃘)	3		260	-20.0
コンワク	(•〰•๑)	3		260	-20.0
コンワク	ｱﾀヽ(д｀ヽ彡ノ´д)ノﾌﾀ	3		260	-20.0
コンワク	(ﾟДﾟ≡ﾟДﾟ)ｴｯﾅﾆﾅﾆ?	3		260	-20.0
コンワク	ヽ(д｀ヽ)｡｡ｵﾛｵﾛ｡｡(ノ´д)ノ	3		260	-20.0
コンワク	J( 'ｰ`)し	3		260	-20.0
コンワク	J( 'A`)し	3		260	-20.0
コンワク	('A`)	3		260	-20.0
コンワク	(☍﹏⁰)	3		260	-20.0
コンワク	o(ﾟДﾟ = ﾟДﾟ)o ｷｮﾛｷｮﾛ	3		260	-20.0
ゴクリ	(；ﾟдﾟ)ｺﾞｸﾘ…	3		260	-20.0
ゴクリ	(； ･`д･´)…ｺﾞｸﾘ…(`･д´･ ；)	3		260	-20.0
ゴニョゴニョ	ｺﾞﾆｮｺﾞﾆｮ…(ﾉﾟдﾟ(;￣Д￣)	3		260	-20.0
ゴバク	ｺﾞﾊﾞ━━━━(ﾟ∀ﾟ)━━━━ｸ!!!!	3		260	-20.0
ゴマカシ	(∩ﾟдﾟ)ｱｰｱｰきこえなーい	3		260	-20.0
ゴメン	m(_ _)m	3		260	-20.0
ゴメン	_(._.)_	3		260	-20.0
ゴメン	( TДT)ｺﾞﾒﾝﾖｰ	3		260	-20.0
ゴメン	(´・ω・)ｽﾏｿ	3		260	-20.0
サテ	٩( 'ω' )و	3		260	-20.0
サテト	（　＾ω＾）・・・	3		260	-20.0
サムイ	((((；ﾟДﾟ))))ｻﾑｰ	3		260	-20.0
サムイ	:(；ﾞﾟ'ωﾟ'):ｻﾑｨｰ	3		260	-20.0
サムイ	((´д｀)) ﾌﾞﾙﾌﾞﾙ…ｻﾑｰ	3		260	-20.0
サヨウナラ	ｻﾖｰﾅﾗｰ(_´Д｀)ﾉ~~.｡･:*:･ﾟ`☆､｡･:*:･ﾟ`★*	3		260	-20.0
サーセン	┌(_Д_┌ )┐	3		260	-20.0
ザマア	m9(^Д^)9mｻﾞﾏｧ	3		260	-20.0
ザマア	ｻﾞﾏｧ━━━━━━m9(^Д^)9m━━━━━━!!!!!!	3		260	-20.0
ザワザワ	( ； ﾟд)ｻﾞﾜ(；ﾟдﾟ；)ｻﾞﾜ(дﾟ； )	3		260	-20.0
シアワセ	╰(*´︶`*)╯	3		260	-20.0
シアワセ	꒰*´꒳`*꒱	3		260	-20.0
シアワセ	。*:゜ヽ(* ´꒳｀*)ﾉ゜:。*。	3		260	-20.0
シッ	U＞ω＜)ﾉ ｼｯ!!	3		260	-20.0
シツモン	( ﾟдﾟ)ノ　ﾊｲ!ｼﾂﾓｰﾝ!	3		260	-20.0
シナチク	ヾ( ﾟдﾟ)ﾉ゛ｼﾅﾁｸｰ	3		260	-20.0
シメジ	(ﾟдﾟ)ｼﾒｼﾞ	3		260	-20.0
ショボイ	（　´・ω・｀）＜ ｼｮﾎﾞいな	3		260	-20.0
シラナイ	((；ﾟДﾟ)ｵﾚｼﾗﾅｲ	3		260	-20.0
シラナイ	(ﾟ㊖ﾟ)ｼﾗﾈ	3		260	-20.0
シラナイ	( ´ー｀)ｼﾗﾈｰﾖ	3		260	-20.0
シラナイ	(´ー｀)ﾁﾗﾈｰﾖ	3		260	-20.0
シラー	(｡-∀-)	3		260	-20.0
シンダ	(+_+)	3		260	-20.0
シー	ｼｰｯ! d( ﾟεﾟ；)	3		260	-20.0
シーン	(￣−￣) ｼｰﾝ…	3		260	-20.0
ジブン	σ(ﾟ∀ﾟ )ｵﾚ	3		260	-20.0
ジャポニカ	(ﾟДﾟ)ｼﾞｬﾎﾟ(・∀・)ﾆｶ！	3		260	-20.0
ジュウセイ	(σ´Д｀)σ・・・・…━━━━☆ｽﾞｷｭｰﾝ!!	3		260	-20.0
ジュンビ	₍₍ ᕕ( 'ω')ᕗ⁾⁾ｵｨｯﾁﾆｯｻﾝｯｼｯ	3		260	-20.0
スキ	ねぇねぇ( ノ・ω・)ノ あのね( 、・ω・)、 あのね( 、・ω・)、 すき(っ＞ω＜c)	3		260	-20.0
スキ	"ヾ(๑╹◡╹)ﾉ""♡"	3		260	-20.0
スキ	(੭ु ›ω‹ )੭ु⁾⁾♡	3		260	-20.0
スキ	(　´∀｀)つ≡≡≡愛愛愛)Д｀)ｸﾞｼｬ	3		260	-20.0
スキ	(・∀・)ｽｰｽｷｽｰｽｷｽｰ♪	3		260	-20.0
スゲー	Σ(ﾟДﾟ)ｽｹﾞｪ!!	3		260	-20.0
スゲー	ｽｹﾞ━━━━━━ヽ(ﾟДﾟ)ﾉ━━━━━━!!!!	3		260	-20.0
スゴイネー	ヽ〔ﾟДﾟ〕丿 ﾊｲｽｺﾞｲｽｺﾞｲ	3		260	-20.0
スズシイ	〜(´∀｀〜)ｽｽﾞｽｨｰ	3		260	-20.0
スッ	( ˇωˇ )ｽｯ…=͟͟͞͞  (¦3[＿＿]	3		260	-20.0
スッキリ	☆。.:*:・'゜ヽ( ´ー｀)ノｽｷ〜ﾘ♪	3		260	-20.0
スッドレ	(・∀・)ｽｯﾄﾞﾚ!	3		260	-20.0
スッパイ	Σ(；ﾟ＊ﾟ)ｽｯﾊﾟｰ!!	3		260	-20.0
スッパイ	(＾+＾)	3		260	-20.0
スネル	(o｀ω´o)	3		260	-20.0
スバラシイ	(；´Д｀)ｽｯ､ｽﾊﾞﾗｽｨ ...ﾊｧﾊｧ	3		260	-20.0
スライディング	ｽﾞｻ━━━━⊂(ﾟДﾟ⊂⌒｀つ≡≡≡━━━━!!	3		260	-20.0
スレチガイ	ｽﾚ （´∀｀（　´∀｀） ﾁｶﾞｲ	3		260	-20.0
スン	(   ˙꒳˙ )	3		260	-20.0
スンスン	(・∀・)ｽﾝｽﾝｽｰﾝ♪	3		260	-20.0
スンスン	(・∀・)ｽﾝｽﾝｽ-ﾝ♪ ( ﾟДﾟ)ﾊｯ! (´Д｀ )ｲｪｧ ｽﾝｽﾝｽﾝｽｰﾝ♪	3		260	-20.0
スンッ	( ˙꒳​˙  )	3		260	-20.0
セイコウ	ヽ（　＾ω＾）ﾉｻｸｾｽ！	3		260	-20.0
セーフ	⊂（＾ω＾）⊃　ｾﾌｾﾌ!!	3		260	-20.0
ゼッキョウ	ｷﾞｬｱｧｧｧｧ━━━━━━(|||ﾟДﾟ)━━━━━━!!!!!!	3		260	-20.0
ゼッキョウ	ｷﾞｬｶﾞ━━━━Σ(ﾟдﾟlll)━━━━ﾝ!!!!	3		260	-20.0
ソウデモナイ	| ゜Θ゜）＜そうでもないよ	3		260	-20.0
ソウナンダ	ﾍｰ(´ν_.｀　)ｿｳﾅﾝﾀﾞ	3		260	-20.0
タクシー	(ﾟ」ﾟ)ﾉ ﾀｸｼｰ	3		260	-20.0
タスケテ	つД｀) ﾀｽｹﾚ !!	3		260	-20.0
タッタッタ	≡≡≡≡≡≡≡≡≡≡c⌒っﾟДﾟ)っ	3		260	-20.0
タノシイ	ε=＼＿○ﾉ ｲﾔｯﾎｰｩ！	3		260	-20.0
タノシイ	ｲﾔ━━━━(*´∀｀)━━━━ﾝ!!!!	3		260	-20.0
タノシミ	( ⁎ᵕᴗᵕ⁎ )	3		260	-20.0
タノム	(人∀・)ﾀﾉﾑ	3		260	-20.0
タベル	ŧ‹”ŧ‹”ŧ‹”ŧ‹”(๑´ㅂ`๑)ŧ‹”ŧ‹”ŧ‹”ŧ‹”	3		260	-20.0
ダイジョウブ	(；・∀・)ﾀﾞ､ﾀﾞｲｼﾞｮｳﾌﾞ…?	3		260	-20.0
ダイスキ	♡✧。(⋈◍＞◡＜◍)。✧♡	3		260	-20.0
ダマレ	(# ﾟДﾟ)ﾀﾞﾏﾚ!!	3		260	-20.0
ダメポ	(´Д⊂ ﾓｳﾀﾞﾒﾎﾟ	3		260	-20.0
ダリー	つ´Д`)つﾀﾘｰ	3		260	-20.0
ダルイ	(:３っ　)へ	3		260	-20.0
ダルイ	_(:3 」∠ )_	3		260	-20.0
ダルイ	('A`)ﾀﾞﾘｰ	3		260	-20.0
チェッ	(๑•́ ₃ •̀๑)	3		260	-20.0
チェッ	．．．(´З｀)ﾁｪｯ	3		260	-20.0
チェッ	(๑•́ ₃ •̀๑)モゥ	3		260	-20.0
チガウチガウ	o( ﾟДﾟ)oﾌﾞﾝﾌﾞﾝ	3		260	-20.0
チョウドイイ	( ﾟ∀ﾟ)ﾁｮｳﾄﾞｲｲ!!	3		260	-20.0
チョウハツ	ｶｶｯﾃｺｲ!щ(ﾟДﾟщ)	3		260	-20.0
チョウハツ	(д´（⊃⌒*⌒⊂) ｺｲﾔｧｧｧｧ!!	3		260	-20.0
チョコン	⸜( ' ᵕ ' )⸝*	3		260	-20.0
チョットコイ	( ﾟДﾟ)∂゛ﾁｮｯﾄｺｲﾔ	3		260	-20.0
チラッ	( ͒•·̫|	3		260	-20.0
チラッ	|ω･`)	3		260	-20.0
チンセイザイ	( ﾟдﾟ)ノ○ ﾁﾝｾｲｻﾞｲ ﾄﾞｿﾞｰ	3		260	-20.0
ツカレ	ヽ(´Д`；)ﾉｱｩ...	3		260	-20.0
ツカレ	( ﾟρﾟ )ｱｩｰ	3		260	-20.0
ツヅケテ	(´＾ω＾｀)ﾂﾂﾞｹﾀﾏｴ!	3		260	-20.0
ツブシアエ	(^o^)ﾉ＜つぶしあえー	3		260	-20.0
ツマンナイ	(ﾟ㊖ﾟ)ﾂﾏﾝﾈ	3		260	-20.0
ツンダ	▂▅▇█▓▒░(’ω’)░▒▓█▇▅▂	3		260	-20.0
テヘッ	(∀｀*ゞ)ﾃﾍｯ	3		260	-20.0
テポドン	ﾃﾎﾟ(　ﾟдﾟ)ﾄﾞﾝ	3		260	-20.0
テレ	(ﾟ∀ﾟ)ﾉ ｷｭﾝｷｭﾝ!	3		260	-20.0
テレ	(´∀｀*)ﾎﾟｯ	3		260	-20.0
テレル	(┃ヮ┃〃) 	3		260	-20.0
テレル	(灬ºωº灬)	3		260	-20.0
テレル	(∀｀*)ゞｲﾔｧ	3		260	-20.0
テレル	(/ω＼)ｲﾔﾝ	3		260	-20.0
テンシ	ଘ(੭ˊ꒳​ˋ)੭	3		260	-20.0
テンテコマイ	ヽ('ω')ﾉ三ヽ('ω')ﾉ	3		260	-20.0
デタ	ﾃﾞﾀ━━━ﾟ(∀)ﾟ━━━!!	3		260	-20.0
デタ	ﾃﾞﾀ━━━━━━━━m9( ﾟ∀ﾟ)人(ﾟ∀ﾟ )9m━━━━━━━━!!	3		260	-20.0
デンパ	（　（　( ( ( (ﾟ∀ﾟ) ) ) ）　）　） ﾃﾞﾝﾊﾟ	3		260	-20.0
トオリマス	/　´_ゝ`）すいません、通りますよ	3		260	-20.0
トケナイ	（゜η゜）　トケネーヨ	3		260	-20.0
トツゲキ	(-(-д(-д(｀д´)д-)д-)-)『突撃ぃ〜〜！』	3		260	-20.0
トツゲキ	＿|￣| Σ・∴'、-=≡( ՞ਊ ՞) 	3		260	-20.0
トホホ	(;´д｀)ﾄﾎﾎ…	3		260	-20.0
トホー	（´ω｀）‥ﾄﾎｰ	3		260	-20.0
トヤマ	(ﾟдﾟ)ﾄﾔﾏ	3		260	-20.0
トラウマ	(||  ﾟДﾟ)ﾄﾗｳﾏｰ	3		260	-20.0
ドウ	| ﾟДﾟ| ノ　ｲｶｶﾞﾅﾓﾉｶ	3		260	-20.0
ドウイ	( ・∀・ )ﾉ ｲｼﾞﾒｶｺﾜﾙｲ	3		260	-20.0
ドコ	(ﾟДﾟ≡ﾟДﾟ)ﾄﾞｺﾄﾞｺ?	3		260	-20.0
ドテッ	⊂⌒~⊃｡Д｡)⊃ ﾄﾞﾃｯ	3		260	-20.0
ドモドモ	ﾄﾞﾓヽ(´Д｀ ) ( ´Д｀)ノﾄﾞﾓ	3		260	-20.0
ドヤ	˚✧₊⁎( ˘ω˘ )⁎⁺˳✧༚	3		260	-20.0
ドヤア	<( ¯﹀¯ )>	3		260	-20.0
ドヤッ	（｀・ω・´）	3		260	-20.0
ドヤッ	(　‘◟ ‘)✧	3		260	-20.0
ドヤッ	（　´_ゝ`）（´<_｀ 　） 流石だよな俺ら。	3		260	-20.0
ナイタ	( ；∀；)	3		260	-20.0
ナイタ	(´；ω；｀)	3		260	-20.0
ナオル	('(ﾟ∀ﾟ∩ なおるよ！	3		260	-20.0
ナカマ	(ﾟ∀ﾟ)人(ﾟ∀ﾟ)ﾅｶｰﾏ	3		260	-20.0
ナカマ	('A`)人('A`)ﾅｶｰﾏ	3		260	-20.0
ナカマ	( ´∀｀)人(´∀｀ )ﾅｶｰﾏ	3		260	-20.0
ナク	｡ﾟ(ﾟ´Д｀ﾟ)ﾟ｡	3		260	-20.0
ナク	｡･ﾟ･(ﾉД`)･ﾟ･｡	3		260	-20.0
ナクナ	｡･ﾟ･(ﾉД`)ヽ(ﾟДﾟ )ﾅｸﾅ ｺﾞﾗｧ!!	3		260	-20.0
ナケタ	ηακετα..._φ(TдT ) ｳｩ…	3		260	-20.0
ナゲル	(o･ω･)三o	3		260	-20.0
ナデナデ	｡･ﾟ･(ﾉД`)ヾ(ﾟДﾟ )ﾅﾃﾞﾅﾃﾞ	3		260	-20.0
ナニ	(ω・　)ゝ　なんだって？	3		260	-20.0
ナニカ	(ﾟДﾟ )ﾅﾆｶ?	3		260	-20.0
ナニカ	(　´Д｀)なにか?	3		260	-20.0
ナミダフケヨ	（　´∀｀）つ□ 涙拭けよ	3		260	-20.0
ナムー	(-∧-；)　ﾅﾑｰ	3		260	-20.0
ナンダッテ	Ω ΩΩ< な、なんだってー!!	3		260	-20.0
ナンダト	(； ･`д･´) ﾅ､ﾅﾝﾀﾞｯﾃｰ!! (`･д´･ ；)	3		260	-20.0
ナンデ	（ ＾ω＾ ）どうしてこうなった！？	3		260	-20.0
ナンデスト	(;・∀・) ﾅﾝ！ (; ∀・)・ ﾃﾞｽ!! (; ∀ )・・ ﾄｰ!!!	3		260	-20.0
ナンデダロ	ﾅﾝﾃﾞﾀﾞﾛ〜ｫ♪((乂(ﾟдﾟ ;)≡(; ﾟдﾟ)乂))ﾅﾝﾃﾞﾀﾞﾛ〜♪	3		260	-20.0
ナンデヤネン	ｯﾃﾅﾝﾃﾞﾔﾈﾝ┌(`Д´)ノ)ﾟ∀ﾟ)	3		260	-20.0
ナンデヤネン	(　´∀｀)Σ⊂(ﾟДﾟ　) なんでやねん！	3		260	-20.0
ニゲロ	三 (ृ　 ु ॑꒳ ॑)ु	3		260	-20.0
ニゲロ	ε＝ε＝ε＝┌(;ﾟдﾟ)┘ｻｻｯ	3		260	-20.0
ニゲロ	=͟͟͞͞ =͟͟͞͞ ﾍ( ´Д`)ﾉ 	3		260	-20.0
ニコ	"( ^,_ゝ^)ﾆｺｯ"	3		260	-20.0
ニコ	( ^ω^ )ﾆｺﾆｺ	3		260	-20.0
ニコニコ	◟(⁰𠆢⁰∗)⌟	3		260	-20.0
ニコニコ	(｡☌ᴗ☌｡)	3		260	-20.0
ニコニコ	（๑╹◡╹๑）	3		260	-20.0
ニコニコ	( ＾ω＾ )ﾆｺﾆｺ	3		260	-20.0
ニコニコ	 (~˘▾˘)~	3		260	-20.0
ニコニコ	( ๑OᴗO๑)	3		260	-20.0
ニャン	（ =＾ω＾）にゃんにゃんお！	3		260	-20.0
ニャンポコ	(ﾟωﾟ)ﾆｬﾝﾎﾟｺｰ	3		260	-20.0
ニヤニヤ	（・∀・）ﾆﾔﾆﾔ	3		260	-20.0
ニヤニヤ	(￣ー￣)ﾆﾔﾘ	3		260	-20.0
ニヤニヤ	°˖✧⁽⁽◝(⁰▿⁰)◜◝(⁰▿⁰)◟₎₎✧˖°	3		260	-20.0
ニヤリ	(●⁰౪⁰●)ニヤリ	3		260	-20.0
ニヤリ	(ↀωↀ)✧	3		260	-20.0
ニンマリ	(＾ν＾)	3		260	-20.0
ニンマリ	（＾ν＾）	3		260	-20.0
ニンマリ	（　＾ν＾）	3		260	-20.0
ニンマリ	（ ´ν`）	3		260	-20.0
ヌオッ	Σ(ﾟдﾟ｀)ﾇｵｯ!!	3		260	-20.0
ネエネエ	ねぇねぇ( ノ・ω・)ノ	3		260	-20.0
ネエネエ	ヾ(・д・｀ )ﾈｪﾈｪ	3		260	-20.0
ネエネエ	(つ・ω・)つ	3		260	-20.0
ネコ	(=^..^=)ﾐｬｰ	3		260	-20.0
ネッ	(b´∀｀)ﾈｯ!	3		260	-20.0
ネムイ	੯ूᵕू ໒꒱ƶƵ	3		260	-20.0
ネムイ	:;(∩´﹏`∩);:	3		260	-20.0
ネル	( ¯¯ํ¯௰¯¯ํ¯ )ƺƷƺƷねʓ	3		260	-20.0
ネレナイ	ﾈﾚﾈ━━━(ﾟДﾟ;)━━━!!!	3		260	-20.0
ネンネンコロリ	(ृ´-͈ .̫ -͈ `  ृ　)ुねんねんころり	3		260	-20.0
ネー	(o-ω･)(･ω-o)ﾈ-	3		260	-20.0
ノオオ	ﾉｫｫ━(ﾟ∀ﾟ)━( ﾟ∀)━(　ﾟ)━(　　 )━(ﾟ　)━(дﾟ ；)━(ﾟдﾟ；)━━ｯ!!!!	3		260	-20.0
ノシ	ヾﾉ｡ÒㅅÓ)ﾉｼ	3		260	-20.0
ノロイ	( ﾟДﾟ)＜呪呪呪呪呪呪呪呪呪	3		260	-20.0
ノロイ	(ΦДΦ)呪まーす	3		260	-20.0
ノワッ	Σヽ( ﾟдﾟ)ﾉ ﾜｯ!!	3		260	-20.0
ハ	✌(◔౪◔)✌	3		260	-20.0
ハア	ʅ(◔౪◔ ) ʃ	3		260	-20.0
ハア	(ﾟДﾟ)ﾊｧ?	3		260	-20.0
ハア	( ﾟДﾟ)ﾊｧ?	3		260	-20.0
ハア	(´Д｀)ﾊｧ…	3		260	-20.0
ハア	  ヾ( ﾟдﾟ)ﾉ゛ﾊｧｧｧｧｧ･･･････!  	3		260	-20.0
ハア	(メ'ω')	3		260	-20.0
ハイ	(❀╹◡╹)ﾉ	3		260	-20.0
ハイ	(✿╹◡╹)ﾉ	3		260	-20.0
ハイ	₍˄·͈༝·͈˄*₎◞	3		260	-20.0
ハイ	(∩・×・)∩	3		260	-20.0
ハイ	(ﾟДﾟ)ﾉ ｧｨ	3		260	-20.0
ハイ	(^_^)/	3		260	-20.0
ハイ	ﾍ(^o^)/	3		260	-20.0
ハイ	∩(　´Α｀)＜　先生、「・・・」ってどうよ？	3		260	-20.0
ハイ	'`ｨ (ﾟдﾟ)/	3		260	-20.0
ハイ	'`ｨ'`ｨ ┐(´Д｀┌	3		260	-20.0
ハイ	ヾ(ﾟ∀ﾟ)ﾉ ﾊｲﾊｲ!	3		260	-20.0
ハイ	(* 'ω')ﾉ	3		260	-20.0
ハキダス	｀;:ﾞ;｀;･(ﾟεﾟ )ﾌﾞｯ!!	3		260	-20.0
ハキダス	｀;:ﾞ;｀;･(ﾟεﾟ )ﾌﾞｰｯ!!	3		260	-20.0
ハケン	ﾊヶ━m9( ﾟдﾟ)っ━ﾝ!!	3		260	-20.0
ハシル	ε=ε=ε=(┌ ＾ω＾)┘ｼｭﾀｼｭﾀｼｭﾀ	3		260	-20.0
ハジマッタ	＼(^o^)／ﾊｼﾞﾏﾀ	3		260	-20.0
ハズカシイ	(ृ°͈꒳​°͈ ृ　)ु ♪	3		260	-20.0
ハズカシイ	(/ω＼)ﾊｽﾞｶｼｰｨ	3		260	-20.0
ハッスル	ﾊｯｽﾙ!!└(ﾟ∀ﾟ└)　(┘ﾟ∀ﾟ)┘ﾊｯｽﾙ!!	3		260	-20.0
ハテ	(੭ ᐕ))？	3		260	-20.0
ハナホジ	ﾎｼﾞﾎｼﾞ(´σ_`　) ﾎﾟｲ(　´_ゝ`)σ ⌒゜	3		260	-20.0
ハハハ	"'`,､('∀`) '`,､"	3		260	-20.0
ハー	(´Д｀)	3		260	-20.0
ハーイ	(^o^)丿＜はーい	3		260	-20.0
バイバイ	(^_^)/~	3		260	-20.0
バイバイ	|Д´)ﾉ 》 ｼﾞｬ､ﾏﾀ	3		260	-20.0
バイバイ	|出口|　λ............ﾄﾎﾞﾄﾎﾞ	3		260	-20.0
バイバイ	"ｼﾞｬ､ﾏﾀ |/// |(Д´ )ﾉ""| ///|ｳｨｰﾝ"	3		260	-20.0
バイバイ	ヾ(　/´ω`)/ヾ(´ω`ノシ　)ノシ	3		260	-20.0
バカ	ヽ(ﾟ∀｡)ﾉｳｪ	3		260	-20.0
バカ	(ﾟдﾟ)ﾊﾞｰｶ	3		260	-20.0
バカ	ヽ(`Д´)ﾉﾊﾞｰﾔ	3		260	-20.0
バカ	βακα..._φ(ﾟ∀ﾟ )ｱﾋｬ	3		260	-20.0
バカ	ﾊﾞｶｰヾ(ﾟдﾟ)ﾉ゛	3		260	-20.0
バカジャネ	"( 　ﾟ,_ゝﾟ)ﾊﾞｶｼﾞｬﾈｰﾉ"	3		260	-20.0
バクハ	(　ﾟдﾟ)ﾄﾞｶｰﾝ!!	3		260	-20.0
バッチリ	d(　^ωﾟ )ﾊﾞｯﾁﾘ!!	3		260	-20.0
バリア	（　（　( ( ( ヾ( ﾟдﾟ)ﾉ゛ ) ) ）　）　） ﾊﾞﾘﾔｰ	3		260	-20.0
バンザイ	ヽ(´ー｀)ノﾊﾞﾝｻﾞｰｲ	3		260	-20.0
バンザイ	∩( ・ω・)∩　ばんじゃーい	3		260	-20.0
バーン	( ‘д‘⊂彡☆))Д´) ﾊﾟｰﾝ	3		260	-20.0
パアッ	（ ﾟ∀ﾟ ）	3		260	-20.0
パシャッ	ﾊﾟｼｬｯ! Σp[【◎】]ω･´)	3		260	-20.0
パチパチ	"( ﾟДﾟﾉﾉ""☆ﾊﾟﾁﾊﾟﾁﾊﾟﾁﾊﾟﾁ"	3		260	-20.0
パッション	(*´д｀*)ﾊﾟｯｼｮﾝ!!	3		260	-20.0
パリピ	(-@∀@)	3		260	-20.0
パリピ	ヽ(-@∀@)ﾉ ﾃﾞｯﾁage	3		260	-20.0
パンチ	○（#ﾟДﾟ）=（　 #）≡○)Д`)･∴'.	3		260	-20.0
ヒイイ	(ｌｌｌﾟДﾟ)ﾋｲｨｨｨ!!	3		260	-20.0
ヒサシブリ	ｵﾋｻ☆^v(*´Д｀)人(´Д｀*)v^☆ｵﾋｻ	3		260	-20.0
ヒソヒソ	(　´д)ﾋｿ(´д｀)ﾋｿ(д｀ )	3		260	-20.0
ヒタヒタ	/　 =ﾟωﾟ)　ﾋﾀﾋﾀ	3		260	-20.0
ヒデブ	( ﾟд.∵:･.．ﾋﾃﾞﾌﾞ!!	3		260	-20.0
ヒドイ	（#)Д`;;）…ﾋﾄﾞｲﾖ…	3		260	-20.0
ヒモジイ	(›´ω`‹ )	3		260	-20.0
ヒモジイ	(ヽ'ω`)	3		260	-20.0
ヒャッホウ	_|＼○_ﾋｬｯ ε=＼＿○ﾉ ﾎｰｳ!!	3		260	-20.0
ヒュンッ	=͟͟͞͞ʕ•̫͡•ʔ =͟͟͞͞ʕ•̫͡•ʔ =͟͟͞͞ʕ•̫͡•ʔ =͟͟͞͞ʕ•̫͡•ʔ =͟͟͞͞ʕ•̫͡•ʔ	3		260	-20.0
ヒュンッ	=͟͟͞͞(๑•̀=͟͟͞͞(๑•̀д•́=͟͟͞͞(๑•̀д•́๑)=͟͟͞͞(๑•̀д•́	3		260	-20.0
ヒュー	♪〜(´ε｀　)	3		260	-20.0
ヒョエ	( ﾟДﾟ)ﾋｮｴｰ	3		260	-20.0
ビキビキ	（#^ω^）ﾋﾞｷﾋﾞｷ	3		260	-20.0
ビクッ	ヽ(；ﾟдﾟ)ﾉ ﾋﾞｸｯ!!	3		260	-20.0
ビックリ	ΣΣ(ﾟДﾟ；)ﾋﾞｸｰﾘ!!	3		260	-20.0
ビンゴ	( ﾟдﾟ)ﾋﾞﾝｺﾞｰ	3		260	-20.0
ビー	ﾟ(ﾟ´ω`ﾟ)ﾟ｡ﾋﾟｰ	3		260	-20.0
ビーム	(Ｕ 'ᴗ'  )⊃━━*.☆ﾟ	3		260	-20.0
ビーム	(∩ ˘ω˘ )⊃━☆ﾟ.*･	3		260	-20.0
ピエン	｡ﾟ( ﾟஇωஇﾟ)ﾟ｡	3		260	-20.0
ピエン	( ˃﹏˂ഃ )	3		260	-20.0
ピエン	( ´◔‸◔`)	3		260	-20.0
ピキピキ	（#^ω^）ﾋﾟｷﾋﾟｷ	3		260	-20.0
ピクピク	:((´ﾞﾟ'ωﾟ')): ﾋﾟｸﾋﾟｸ	3		260	-20.0
ピクピク	⊂⌒~⊃｡Д｡)⊃ ﾋﾟｸﾋﾟｸ	3		260	-20.0
ピコピコ	ﾋﾟｺ( ﾟдﾟ)ﾋﾟｺ	3		260	-20.0
ピシッ	(｀･ω･´)ゞ	3		260	-20.0
ピシッ	/)｀；ω；´）	3		260	-20.0
ピヨピヨ	ぴよぴよ˂⁽ˈ₍ ⁾˲₎₌ ˂⁽ˈ₍ ⁾˲₎₌	3		260	-20.0
ピンポンダッシュ	( ﾟ∀ﾟ)σﾋﾟﾝﾎﾟｰﾝ ﾀﾞｯｼｭ!ε≡≡ﾍ( ´∀`)ﾉ	3		260	-20.0
ピース	✌('ω' ✌)	3		260	-20.0
ファイト	ﾌｧｲﾄｫ*:.｡..｡.:*･ﾟ(n‘∀‘)ηﾟ･*:.｡..｡.:*!!!☆	3		260	-20.0
ファイト	(  ๑•̀ω•́๑)و	3		260	-20.0
ファイト	ᐠ( ᑒ  )ᐟ	3		260	-20.0
ファイト	ヽ(*ﾟдﾟ)ノ	3		260	-20.0
ファイトイッパツ	ﾌｧｲﾄｰｰ!( ﾟдﾟ)乂(ﾟдﾟ )ｲｯﾊﾟｰｰﾂ!!	3		260	-20.0
ファビョーン	ﾌｧﾋﾞｮ━━━<# ｀Д´>━━━ﾝ!!	3		260	-20.0
ファブリーズ	ﾌｧﾌﾞﾘ━━━.ﾟ+.(・∀・)ﾟ+.ﾟ━━━ｽﾞ!!	3		260	-20.0
フウ	( ´ー｀)ﾌｩｰ．．．	3		260	-20.0
フウ	( ´Д｀)=3 ﾌｩ	3		260	-20.0
フォォォ	└( 'ω')┘	3		260	-20.0
フォー	( `_ゝ´)ﾌｫｫｰ	3		260	-20.0
フカツ	ﾌｯｶﾂﾀﾞｰ!!(ﾟ∀ﾟ　)三　三(　ﾟ∀ﾟ)ﾌｯｶﾂﾀﾞｰ!!	3		260	-20.0
フニッコ	(・´з`・) ふにっこ	3		260	-20.0
フレフレ	(o⚑'▽')o⚑*ﾟﾌﾚｰﾌﾚｰ	3		260	-20.0
フン	₍₍ ◝(•̀ㅂ•́)◟ ⁾⁾	3		260	-20.0
フン	"( ｀,_･･´)ﾌﾝｯ"	3		260	-20.0
フー	"/ ,' 3　 `ヽｰっ"	3		260	-20.0
フー	(ﾉ∀`)ﾀﾊｰ	3		260	-20.0
フー	( ´Д｀)=3	3		260	-20.0
フー	(´ε｀　)	3		260	-20.0
フーン	꒰ີ∗ˊ↥ˋ∗ ꒱ີ ˉ̶̡̭̭	3		260	-20.0
フーン	ʅ（´◔౪◔）ʃ	3		260	-20.0
フーン	(´ι _｀　)ｱｯｿ	3		260	-20.0
フーン	（　´_ゝ`）	3		260	-20.0
フーン	(　ﾟ∋ﾟ)	3		260	-20.0
ブイ	v(￣Д￣)v ﾌﾞｲｯ	3		260	-20.0
ブハハ	｡ﾟm9(ﾟ^∀^ﾟ)ﾟ｡ﾌﾞﾊﾊﾊﾊﾊﾊﾊﾊ !!	3		260	-20.0
ブフッ	ﾌﾞﾌｯ∵(´ε(○＝(ﾟ∀ﾟ　)	3		260	-20.0
ブンッ	(o･ω･)三o	3		260	-20.0
ブンッ	(　´∀｀)つ ミ	3		260	-20.0
ブンッ	"( ^o^)╮-=ﾆ= 三≡’,;’;"	3		260	-20.0
プイッ	(　´д)ﾌﾟｲｯ	3		260	-20.0
プッ	"(　´,_ゝ｀) プッ"	3		260	-20.0
プッ	"( ´,_ゝ｀)ﾌﾟｯ"	3		260	-20.0
プッ	"(´ﾟ c_,ﾟ｀)ﾌﾟｯ"	3		260	-20.0
プッ	"(　ﾟ,_･･ﾟ)ﾌﾞﾌﾞﾌﾞｯ"	3		260	-20.0
プッ	(　ﾟ∀ﾟ)<ﾌﾟｯﾌﾟｰ	3		260	-20.0
プッ	(・ε・)ﾌﾟｯﾌﾟｸﾌﾟｰ	3		260	-20.0
プニッ	(　´∀｀)σ)∀`)	3		260	-20.0
プニッ	ﾌﾟﾆｭ( ´∀｀)σ)Д`)	3		260	-20.0
プニプニ	ヾ(oﾟωﾟo)ﾉﾞ プニプニ！プニプニ！	3		260	-20.0
ププッ	(´°̥̥̥̥̥̥̥̥ω°̥̥̥̥̥̥̥̥｀)	3		260	-20.0
ププッ	（ヽ´ん`）	3		260	-20.0
プンスカ	o(｀ω´*)oﾌﾟﾝｽｶﾌﾟﾝｽｶ!!	3		260	-20.0
プンスコ	(# ﾟДﾟ)ﾌﾟﾝｽｺ!!	3		260	-20.0
プンプン	ヽ(`Д´)ﾉﾌﾟﾝﾌﾟﾝ	3		260	-20.0
ヘッ	¯\_(ツ)_/¯	3		260	-20.0
ヘッ	(  '֊' )	3		260	-20.0
ヘラヘラ	(´へωへ`*)	3		260	-20.0
ヘー	(・へ・)	3		260	-20.0
ヘー	(╹⌓╹ )	3		260	-20.0
ヘー	( ꒪﹃ ꒪)	3		260	-20.0
ヘー	( ꒪⌓꒪)	3		260	-20.0
ヘー	(#･∀･)	3		260	-20.0
ヘー	( ・∀・)つ〃∩ ﾍｪｰﾍｪｰﾍｪｰ	3		260	-20.0
ヘー	(´・∀・｀)ﾍｰ	3		260	-20.0
ペロリ	( ړײ )	3		260	-20.0
ホアタタ	( ☞三☞´ ՞ਊ՞)☞三☞	3		260	-20.0
ホウ	(￣Д￣)ﾉ ｵｳｯ	3		260	-20.0
ホウ	( ﾟÅﾟ)ﾎｩ	3		260	-20.0
ホウ	ﾎｩ━━━━(ﾟÅﾟ)(Åﾟ )(ﾟ　 )(　　)(　 ﾟ)( ﾟÅ)(ﾟÅﾟ)━━━━!!!!	3		260	-20.0
ホウノウ	( ﾟДﾟ)ﾉ⌒㈭┃奉納┃	3		260	-20.0
ホウホウ	( ͡° ͜ʖ ͡°)	3		260	-20.0
ホエ	(# ﾟДﾟ)	3		260	-20.0
ホゲー	ฅ(๑′Δ’๑)	3		260	-20.0
ホシイ	(　ﾟдﾟ)ﾎｽｨ…	3		260	-20.0
ホッシュ	ﾐ・д・ﾐ ﾎｯｼｭﾎｯｼｭ	3		260	-20.0
ホレ	ﾎﾚ(ﾟДﾟ)ノ⌒	3		260	-20.0
ホンワカ	(ृ    ु ´͈ ᵕ `͈ )ु	3		260	-20.0
ボー	( ﾟ ρ ﾟ )ﾎﾞｰ	3		260	-20.0
ボー	ﾍ(ﾟ∀ﾟﾍ)ﾍ(ﾟ∀ﾟﾍ)ﾍ(ﾟ∀ﾟﾍ)ﾎﾟｰ!!	3		260	-20.0
ポリポリ	(´Д｀υ)))ﾎﾟﾘﾎﾟﾘ	3		260	-20.0
ポワワ	ﾟ･*:.｡..｡.:*･゜(*´∀｀)｡. .｡.:*･゜ﾟ･*ﾎﾟﾜﾜﾜｧｧﾝ	3		260	-20.0
ポワワ	(*´∀｀*)ﾎﾟﾜﾜ	3		260	-20.0
ポワー	(ृ 　 ु *´ω`*)ु	3		260	-20.0
マアマア	ﾏｧﾏｧ(((ノ´ー｀)ノ	3		260	-20.0
マエナラエ	(／_･)／	3		260	-20.0
マカセロ	ﾐα(ﾟДﾟ　)ﾏｶｾﾛ!!	3		260	-20.0
マカセロ	( - ̀ω -́ )✧	3		260	-20.0
マジ	Σ(｀Д´　)ﾏﾁﾞﾃﾞｽｶ!?	3		260	-20.0
マジデ	ｴｯ(ﾟДﾟ≡ﾟДﾟ)ﾏｼﾞ?	3		260	-20.0
マジデ	Σ(ﾟ◇ﾟ；)ﾏｼﾞﾃﾞｯ!?	3		260	-20.0
マズイ	(ﾟдﾟ)ﾏｽﾞｰ	3		260	-20.0
マズイ	(+д+)ﾏｽﾞｰ	3		260	-20.0
マズイ	(`Ａ´)　、 ﾏｽﾞｰ!!ﾍﾟｯ!!	3		260	-20.0
マタネ	☆。.:*:・'゜ヽ( ´ー｀)ノ　まったね〜♪	3		260	-20.0
マチアワセ	ｺﾅｲﾜｧ*･゜ﾟ･*:.｡..｡.:*･゜（n‘д‘)ηﾟ･*:.｡. .｡.:*･゜ﾟ･*!!!!	3		260	-20.0
マッテ	(；´д｀)ノ ﾏｯﾃｪｪｪ	3		260	-20.0
ママ	(´д｀)ﾏﾏﾝ…	3		260	-20.0
ママ─	（(´･ω･`)） ﾏﾝﾏｰ	3		260	-20.0
マンセー	ヽ(´ー｀)ノﾏﾝｾｰ	3		260	-20.0
マンセー	<ﾉ丶｀Д´>ﾉ ﾏﾝｾｰ	3		260	-20.0
ミカンドウゾ	( ﾟдﾟ)つ(:ﾟ::) ﾐｶﾝﾃﾞﾓ ﾄﾞｿﾞｰ	3		260	-20.0
ムカッ	(　｀_ゝ´)ﾑｯ	3		260	-20.0
ムカツク	（｀Δ´）	3		260	-20.0
ムカツク	(# ﾟДﾟ) ﾑｯｶｰ	3		260	-20.0
ムカツク	(#・∀・)ﾑｶｯ!!	3		260	-20.0
ムキー	ヽ(｀Д´#)ﾉ ﾑｷｰ!!	3		260	-20.0
ムシムシ	(;´A｀)ﾑｼﾑｼｽﾙｰ	3		260	-20.0
ムシャムシャ	(　´)Д(｀)むしゃむしゃ	3		260	-20.0
ムッハー	(;ﾟ∀ﾟ)=3ﾑｯﾊｰ	3		260	-20.0
ムムッ	( ﾟεﾟ；)ﾑﾑｯ	3		260	-20.0
モウソウ	(＿д＿)。ｏ０○ ﾓﾜｧｧｧﾝ	3		260	-20.0
モウッ	˭̡̞(◞⁎˃ᆺ˂)◞*✰	3		260	-20.0
モウムリ	ﾓﾑｰﾘ！o(ﾟДﾟ)っ	3		260	-20.0
モキュ	(*´ω｀*)ﾓｷｭ	3		260	-20.0
モジモジ	ﾓｼﾞ(((´ω｀ *)(* ´ω｀)))ﾓｼﾞ	3		260	-20.0
モツカレ	(ヽ´ω`)ﾓﾂｶﾚ	3		260	-20.0
モナー	ﾓﾅ━━━━━━(　´∀｀)━━━━━━!!	3		260	-20.0
モニュ	(　・ω・)ﾓﾆｭ?	3		260	-20.0
ヤスラグ	{´ウ｀}	3		260	-20.0
ヤッター	"ヾ(๑╹◡╹)ﾉ"""	3		260	-20.0
ヤッター	✧ヾ(｡>﹏<｡)ﾉﾞ✧	3		260	-20.0
ヤッター	ﾔﾀ━━━━━━ヽ(ﾟ∀ﾟ)ﾉ ━━━━━━!!!!	3		260	-20.0
ヤッホー	(n‘∀‘)η ﾔｧｰｯﾎｫｰ	3		260	-20.0
ヤバイ	(｡･ｗ･｡) 	3		260	-20.0
ヤバイ	_(:3｣∠)_	3		260	-20.0
ヤメテ	(｀・д・´)ﾔﾒﾀﾏｴ	3		260	-20.0
ヤメテ	ヽ(；´Д｀)ノﾔﾒﾃｰ	3		260	-20.0
ヤメロ	(・∀・)ﾓｳﾔﾒﾚ!!	3		260	-20.0
ヤラレタ	ｸｯ……ﾔﾗ( ﾟ∀ﾟ )ﾚﾀ!!!	3		260	-20.0
ヤルキ	(｀･ω･´)	3		260	-20.0
ヤルゾ	ﾔﾙｿﾞ!!Σс(ﾟДﾟс	3		260	-20.0
ヤンノカ	凸(ﾟДﾟ#)ﾔﾝﾉｶｺﾞﾙｧ!!	3		260	-20.0
ヤンノカ	ぼこぼこにしてやんよ (　･ω･)っ≡つ ﾊﾞﾊﾞﾊﾞﾊﾞ	3		260	-20.0
ヨウ	(=ﾟωﾟ)ﾉぃょぅ	3		260	-20.0
ヨウ	( ・∀・)ﾉｨｮ-ｩ	3		260	-20.0
ヨウ	( ﾟ∀ﾟ)ﾉｨｮ—ｩ	3		260	-20.0
ヨカン	(ﾟ∀ﾟ)ﾖｶｰﾝ	3		260	-20.0
ヨシ	J(｀ｰ´)し	3		260	-20.0
ヨシヨシ	｡･ﾟ･(ﾉД`)ヽ(ﾟДﾟ )ﾖﾁﾖﾁ	3		260	-20.0
ヨット	₍₍◞( ˙ ꒳ ˙ )◟₎₎ ⁽⁽◝( ˙ ꒳ ˙ )◜⁾⁾	3		260	-20.0
ヨボヨボ	"( ""・ω・゛)ﾖﾎﾞｰﾝ"	3		260	-20.0
ヨロシク	ヽ(｡･ω-｡)★	3		260	-20.0
ラジャー	(`Д´)ゞﾗｼﾞｬｰ!!	3		260	-20.0
ラジャー	(＞Д＜)ゝ”ﾗｼﾞｬｰ!!	3		260	-20.0
ラブ	ღゝ◡╹)ノ♡	3		260	-20.0
ラブ	♡(灬˘╰╯˘)乂(˘╰╯˘灬)♡	3		260	-20.0
ラブ	⸜(* ॑ ॑* )⸝	3		260	-20.0
ラブ	(ᐡ｡• · •｡ᐡ)♡	3		260	-20.0
リョウカイ	ヽ(•̀﹏•́ )ゝ✧	3		260	-20.0
リョウカイ	∠꒰'౪'꒱✧	3		260	-20.0
リョウカイ	( ﾟДﾟ)ゞ ﾘｮｰｶｲ!!	3		260	-20.0
リョウカイ	(o･ω･o)ゝ	3		260	-20.0
リョウリョウカイ	Σ(｡>д<｡)ゞ	3		260	-20.0
ワカラン	⊂( ・∀・)ﾜｹ ( ・∀・)つﾜｶ ⊂( ・∀・)つﾗﾝ♪	3		260	-20.0
ワカンナイ	（＞＜； ） わかんないんです！	3		260	-20.0
ワクワク	(っ'ヮ'c)	3		260	-20.0
ワッショイ	ﾜｯｼｮｲヽ(ﾟ∀ﾟ)メ(ﾟ∀ﾟ)メ(ﾟ∀ﾟ)ノﾜｯｼｮｲ	3		260	-20.0
ワッショイ	ヽ(´∀｀)人(・ω・)人( ﾟДﾟ)人ﾜｼｮｰｲ	3		260	-20.0
ワライ	"(　´,_ゝ｀)ｸｯｸｯｸ･･･(　´∀｀)ﾌﾊﾊﾊﾊ･･･(　 ﾟ∀ﾟ)ﾊｧｰﾊｯﾊｯﾊｯﾊ!!"	3		260	-20.0
ワライ	<丶｀∀´>ｳｪｰﾊｯﾊｯﾊ	3		260	-20.0
ワロタ	ωαγοτα...φ(^Д^ )ｷﾞｬﾊ	3		260	-20.0
ワーイ	♪(✿╹ヮ╹)ﾉ	3		260	-20.0
ワーイ	ﾜｰｲヽ(ﾟ∀ﾟ)ﾒ(ﾟ∀ﾟ)ﾒ(ﾟ∀ﾟ)ﾉﾜｰｲ	3		260	-20.0
ワーイ	(∩╹∀╹∩)	3		260	-20.0
ワーイ	+。:.ﾟ٩(๑>◡<๑)۶:.｡+ﾟ	3		260	-20.0
ワーイ	٩(๑╹ω╹)۶	3		260	-20.0
ワーイ	٩(๑╹ヮ╹)۶	3		260	-20.0
ワーオ	ヮ(ﾟдﾟ)ォ!	3		260	-20.0